{"stats":{"minecraft:used":{"minecraft:oak_fence":3,"minecraft:oak_trapdoor":9,"minecraft:mossy_stone_bricks":3,"minecraft:diorite":7,"minecraft:iron_bars":190,"minecraft:granite_stairs":8,"minecraft:snow_block":142,"minecraft:red_stained_glass":3,"minecraft:red_concrete":393,"minecraft:polished_andesite":45,"minecraft:carrot_on_a_stick":790,"minecraft:dead_brain_coral":8,"minecraft:oak_sign":2,"minecraft:light_blue_terracotta":7,"minecraft:chest":2,"minecraft:spruce_planks":128,"minecraft:stone":2772,"minecraft:redstone_block":14,"minecraft:structure_void":3,"minecraft:cracked_stone_bricks":93,"minecraft:debug_stick":202,"minecraft:orange_stained_glass":8,"minecraft:dark_oak_trapdoor":33,"minecraft:anvil":18,"minecraft:dirt":318,"minecraft:rail":16,"minecraft:yellow_terracotta":3,"minecraft:vine":34,"minecraft:crafting_table":1,"minecraft:spruce_stairs":17,"minecraft:cobblestone_wall":3,"minecraft:stone_stairs":57,"minecraft:yellow_concrete":79,"minecraft:blue_ice":6,"minecraft:gray_concrete":4396,"minecraft:spruce_log":12,"minecraft:granite":46,"minecraft:blue_concrete":475,"minecraft:light_blue_stained_glass":11,"minecraft:polished_diorite":132,"minecraft:stone_brick_slab":8,"minecraft:green_concrete":2,"minecraft:packed_ice":585,"minecraft:black_concrete":660,"minecraft:command_block":110,"minecraft:light_gray_concrete":1297,"minecraft:grass_block":772,"minecraft:barrier":110,"minecraft:slime_block":6,"minecraft:stone_button":87,"minecraft:stone_slab":30,"minecraft:polished_granite":674,"minecraft:dark_oak_button":2,"minecraft:stone_bricks":80,"minecraft:redstone_lamp":148,"minecraft:snow":245,"minecraft:iron_trapdoor":75,"minecraft:cyan_stained_glass_pane":3,"minecraft:furnace":1,"minecraft:lime_stained_glass":225,"minecraft:white_stained_glass_pane":10,"minecraft:white_stained_glass":1,"minecraft:minecart":4,"minecraft:gold_block":42,"minecraft:mossy_cobblestone_wall":3,"minecraft:white_concrete":5254,"minecraft:light_gray_bed":7,"minecraft:green_stained_glass":516},"minecraft:killed":{"minecraft:shulker":47},"minecraft:mined":{"minecraft:light_gray_bed":6},"minecraft:dropped":{"minecraft:lime_stained_glass":1,"minecraft:apple":2,"minecraft:command_block":1,"minecraft:debug_stick":1,"minecraft:carrot_on_a_stick":4,"minecraft:grass_block":1,"minecraft:rail":1,"minecraft:flint":183,"minecraft:gold_block":1,"minecraft:gray_concrete":1,"minecraft:stone":5,"minecraft:white_concrete":1,"minecraft:black_concrete":1},"minecraft:custom":{"minecraft:mob_kills":57,"minecraft:play_one_minute":5392747,"minecraft:leave_game":59,"minecraft:time_since_death":139460,"minecraft:climb_one_cm":23067,"minecraft:damage_resisted":250,"minecraft:time_since_rest":139488,"minecraft:damage_taken":780,"minecraft:sprint_one_cm":1054817,"minecraft:walk_one_cm":1395443,"minecraft:drop":203,"minecraft:damage_dealt":605,"minecraft:minecart_one_cm":7866,"minecraft:fly_one_cm":6384325,"minecraft:open_chest":6,"minecraft:crouch_one_cm":84441,"minecraft:deaths":3,"minecraft:sneak_time":56428,"minecraft:jump":10335,"minecraft:fall_one_cm":3740},"minecraft:picked_up":{"minecraft:shulker_shell":712,"minecraft:red_glazed_terracotta":1,"minecraft:carrot_on_a_stick":1,"minecraft:gold_block":1,"minecraft:flint":13,"minecraft:item_frame":31,"minecraft:apple":2,"minecraft:stone":2,"minecraft:command_block":1,"minecraft:rail":1,"minecraft:lime_stained_glass":1}},"DataVersion":1976}