{
  "minecraft:recipes/combat/arrow": {
    "criteria": {
      "has_feather": "2019-08-06 05:55:51 +0000"
    },
    "done": true
  },
  "minecraft:recipes/decorations/chest": {
    "criteria": {
      "has_lots_of_items": "2019-08-06 05:55:51 +0000"
    },
    "done": true
  },
  "minecraft:adventure/root": {
    "criteria": {
      "killed_by_something": "2019-08-06 05:54:56 +0000"
    },
    "done": true
  },
  "minecraft:adventure/adventuring_time": {
    "criteria": {
      "minecraft:desert": "2019-08-06 05:53:09 +0000",
      "minecraft:warm_ocean": "2019-08-06 05:50:56 +0000",
      "minecraft:swamp": "2019-08-06 05:56:35 +0000"
    },
    "done": false
  },
  "DataVersion": 1976
}