{"stats":{"minecraft:crafted":{"minecraft:emerald_block":4},"minecraft:used":{"minecraft:stone_brick_stairs":2,"minecraft:mossy_stone_bricks":3,"minecraft:sand":10,"minecraft:bow":1,"minecraft:command_block":1,"minecraft:iron_block":28,"minecraft:grass_block":7,"minecraft:white_stained_glass":2,"minecraft:slime_block":1,"minecraft:chain_command_block":3,"minecraft:map":42,"minecraft:yellow_concrete":2,"minecraft:repeating_command_block":3,"minecraft:chest":2,"minecraft:acacia_button":1,"minecraft:dark_oak_slab":2,"minecraft:stone_bricks":27,"minecraft:player_head":4},"minecraft:custom":{"minecraft:time_since_rest":128426,"minecraft:open_chest":7,"minecraft:crouch_one_cm":971,"minecraft:play_one_minute":223537,"minecraft:sprint_one_cm":6849,"minecraft:deaths":1,"minecraft:walk_one_cm":207328,"minecraft:sneak_time":9431,"minecraft:walk_under_water_one_cm":11377,"minecraft:boat_one_cm":197836,"minecraft:jump":204,"minecraft:leave_game":6,"minecraft:walk_on_water_one_cm":78971,"minecraft:time_since_death":128389,"minecraft:climb_one_cm":203,"minecraft:interact_with_crafting_table":5,"minecraft:fly_one_cm":5067369}},"DataVersion":1631}