{"stats":{"minecraft:custom":{"minecraft:open_chest":2,"minecraft:time_since_rest":53003,"minecraft:play_one_minute":53003,"minecraft:crouch_one_cm":955,"minecraft:sprint_one_cm":28426,"minecraft:walk_one_cm":47068,"minecraft:sneak_time":1392,"minecraft:walk_under_water_one_cm":2919,"minecraft:jump":159,"minecraft:leave_game":1,"minecraft:time_since_death":53003,"minecraft:walk_on_water_one_cm":1835,"minecraft:climb_one_cm":349,"minecraft:interact_with_crafting_table":1,"minecraft:fly_one_cm":859949},"minecraft:used":{"minecraft:stone_bricks":25,"minecraft:written_book":2,"minecraft:command_block":3,"minecraft:redstone":3,"minecraft:oak_button":3,"minecraft:oak_sign":1,"minecraft:white_concrete":1,"minecraft:stone":1},"minecraft:picked_up":{"minecraft:emerald":9,"minecraft:chest":1},"minecraft:crafted":{"minecraft:emerald_block":1}},"DataVersion":1976}