{"stats":{"minecraft:custom":{"minecraft:time_since_rest":105207,"minecraft:play_one_minute":165621,"minecraft:crouch_one_cm":626,"minecraft:deaths":2,"minecraft:sprint_one_cm":4818,"minecraft:walk_one_cm":20963,"minecraft:sneak_time":2958,"minecraft:pot_flower":1,"minecraft:jump":53,"minecraft:leave_game":4,"minecraft:walk_on_water_one_cm":95,"minecraft:time_since_death":105166,"minecraft:fly_one_cm":4645516},"minecraft:used":{"minecraft:barrel":4,"minecraft:oak_leaves":28,"minecraft:water_bucket":37,"minecraft:flower_pot":1,"minecraft:sea_lantern":23,"minecraft:dark_oak_fence":6,"minecraft:spruce_wood":16,"minecraft:lantern":6,"minecraft:red_concrete":18,"minecraft:red_mushroom":5,"minecraft:podzol":5,"minecraft:white_concrete":23,"minecraft:bone_meal":25,"minecraft:diorite_wall":2},"minecraft:picked_up":{"minecraft:lantern":1}},"DataVersion":1976}