{"stats":{"minecraft:used":{"minecraft:smooth_quartz_stairs":32,"minecraft:nether_brick_fence":3,"minecraft:packed_ice":8,"minecraft:end_rod":3,"minecraft:nether_brick_wall":1,"minecraft:sand":2,"minecraft:dirt":1,"minecraft:red_nether_brick_wall":1,"minecraft:cobblestone":3,"minecraft:red_concrete":299,"minecraft:grass_block":15,"minecraft:white_concrete":581,"minecraft:obsidian":10},"minecraft:picked_up":{"minecraft:white_concrete":1},"minecraft:dropped":{"minecraft:arrow":64,"minecraft:nether_brick_wall":1,"minecraft:nether_brick_fence":1,"minecraft:white_concrete":1,"minecraft:red_nether_brick_wall":1},"minecraft:custom":{"minecraft:time_since_rest":99998,"minecraft:play_one_minute":99998,"minecraft:crouch_one_cm":2566,"minecraft:sprint_one_cm":17854,"minecraft:sneak_time":5495,"minecraft:walk_one_cm":36413,"minecraft:drop":5,"minecraft:jump":153,"minecraft:leave_game":2,"minecraft:time_since_death":99998,"minecraft:fly_one_cm":479734}},"DataVersion":1976}