{"stats":{"minecraft:dropped":{"minecraft:water_bucket":2,"minecraft:crimson_trapdoor":1,"minecraft:coarse_dirt":2,"minecraft:sand":1,"minecraft:lapis_block":1},"minecraft:picked_up":{"minecraft:coarse_dirt":2,"minecraft:water_bucket":2,"minecraft:sand":1,"minecraft:crimson_trapdoor":1,"minecraft:lapis_block":2,"minecraft:purple_carpet":82,"minecraft:item_frame":3,"minecraft:yellow_carpet":34,"minecraft:lever":1,"minecraft:polished_blackstone_button":1,"minecraft:egg":2},"minecraft:custom":{"minecraft:time_since_rest":257423,"minecraft:sprint_one_cm":323838,"minecraft:damage_taken":2590,"minecraft:walk_one_cm":254074,"minecraft:drop":7,"minecraft:damage_dealt":25,"minecraft:swim_one_cm":817,"minecraft:fly_one_cm":3813391,"minecraft:open_barrel":2,"minecraft:open_chest":12,"minecraft:crouch_one_cm":15720,"minecraft:play_one_minute":422411,"minecraft:deaths":4,"minecraft:sneak_time":7881,"minecraft:walk_under_water_one_cm":827,"minecraft:boat_one_cm":21080,"minecraft:jump":6109,"minecraft:time_since_death":257403,"minecraft:leave_game":39,"minecraft:walk_on_water_one_cm":20504,"minecraft:climb_one_cm":1805,"minecraft:fall_one_cm":43903},"minecraft:used":{"minecraft:oak_trapdoor":1,"minecraft:water_bucket":9,"minecraft:lever":2,"minecraft:sea_lantern":6,"minecraft:black_wool":24,"minecraft:daylight_detector":1,"minecraft:command_block":6,"minecraft:lead":9,"minecraft:grass_block":227,"minecraft:spruce_slab":91,"minecraft:birch_wood":2,"minecraft:prismarine":6,"minecraft:barrier":1,"minecraft:oak_sign":6,"minecraft:spruce_planks":7,"minecraft:red_terracotta":24,"minecraft:stone":77,"minecraft:player_head":5,"minecraft:farmland":1,"minecraft:item_frame":11,"minecraft:light_gray_wool":7,"minecraft:torch":1,"minecraft:purple_concrete":155,"minecraft:dirt":72,"minecraft:sand":1740,"minecraft:potion":4,"minecraft:yellow_terracotta":2,"minecraft:yellow_carpet":36,"minecraft:bucket":2,"minecraft:lapis_block":134,"minecraft:repeating_command_block":2,"minecraft:skeleton_skull":3,"minecraft:oak_boat":1,"minecraft:polished_blackstone_button":2,"minecraft:egg":16,"minecraft:coarse_dirt":29,"minecraft:purple_carpet":89,"minecraft:spruce_fence":1,"minecraft:snowball":65,"minecraft:spruce_log":5,"minecraft:cyan_stained_glass":1,"minecraft:cobweb":1}},"DataVersion":2584}