{"stats":{"minecraft:custom":{"minecraft:time_since_rest":426189,"minecraft:sprint_one_cm":10924,"minecraft:damage_taken":70,"minecraft:walk_one_cm":539934,"minecraft:drop":5,"minecraft:fly_one_cm":2239256,"minecraft:play_one_minute":426189,"minecraft:crouch_one_cm":406,"minecraft:sneak_time":8527,"minecraft:jump":517,"minecraft:leave_game":9,"minecraft:time_since_death":426189,"minecraft:fall_one_cm":1900},"minecraft:used":{"minecraft:oak_log":225,"minecraft:oak_fence":37,"minecraft:oak_trapdoor":106,"minecraft:glass":54,"minecraft:mossy_stone_bricks":23,"minecraft:diorite":28,"minecraft:cobblestone_stairs":16,"minecraft:birch_slab":11,"minecraft:birch_planks":119,"minecraft:gray_stained_glass_pane":128,"minecraft:spruce_wood":210,"minecraft:yellow_stained_glass":6,"minecraft:grass_block":46,"minecraft:oak_stairs":38,"minecraft:spruce_slab":105,"minecraft:smooth_sandstone":3,"minecraft:oak_planks":332,"minecraft:oak_sign":2,"minecraft:spruce_planks":634,"minecraft:mossy_stone_brick_stairs":50,"minecraft:stone":488,"minecraft:cut_sandstone":302,"minecraft:stripped_birch_wood":141,"minecraft:stone_brick_stairs":155,"minecraft:stone_bricks":170,"minecraft:oak_door":5,"minecraft:torch":29,"minecraft:dark_oak_trapdoor":45,"minecraft:glowstone":28,"minecraft:infested_mossy_stone_bricks":33,"minecraft:cobblestone":21,"minecraft:hay_block":62,"minecraft:white_stained_glass_pane":66,"minecraft:spruce_stairs":683,"minecraft:white_stained_glass":65,"minecraft:infested_cobblestone":1,"minecraft:white_concrete":104,"minecraft:stone_brick_wall":64,"minecraft:infested_stone_bricks":114,"minecraft:spruce_fence":38,"minecraft:spruce_log":444,"minecraft:oak_fence_gate":3,"minecraft:dark_oak_door":1,"minecraft:cobweb":49,"minecraft:birch_stairs":101},"minecraft:dropped":{"minecraft:oak_log":1,"minecraft:torch":1,"minecraft:wooden_axe":1,"minecraft:cut_sandstone":1,"minecraft:grass_block":1},"minecraft:picked_up":{"minecraft:cut_sandstone":1,"minecraft:torch":1,"minecraft:oak_log":1}},"DataVersion":2584}