{"stats":{"minecraft:mined":{"minecraft:light_gray_bed":4},"minecraft:used":{"minecraft:wheat_seeds":27,"minecraft:dark_oak_stairs":150,"minecraft:water_bucket":137,"minecraft:jungle_leaves":151,"minecraft:writable_book":4,"minecraft:enchanting_table":3,"minecraft:cobblestone_stairs":229,"minecraft:iron_shovel":70,"minecraft:spruce_door":8,"minecraft:snow_block":9,"minecraft:birch_planks":10,"minecraft:acacia_trapdoor":22,"minecraft:spruce_slab":678,"minecraft:dark_oak_sign":2,"minecraft:diamond_hoe":1,"minecraft:jungle_fence":49,"minecraft:ladder":20,"minecraft:cartography_table":2,"minecraft:oak_sign":2,"minecraft:andesite_slab":12,"minecraft:chest":9,"minecraft:spruce_planks":51,"minecraft:stripped_birch_wood":6,"minecraft:fletching_table":4,"minecraft:quartz_stairs":2,"minecraft:cobblestone_slab":85,"minecraft:player_head":97,"minecraft:mossy_stone_brick_slab":7,"minecraft:farmland":14,"minecraft:netherrack":1,"minecraft:spruce_leaves":815,"minecraft:torch":17,"minecraft:mossy_cobblestone":41,"minecraft:birch_pressure_plate":2,"minecraft:purpur_stairs":6,"minecraft:rail":47,"minecraft:vine":105,"minecraft:crafting_table":2,"minecraft:black_banner":4,"minecraft:jungle_planks":301,"minecraft:spruce_stairs":165,"minecraft:birch_sign":11,"minecraft:cobblestone_wall":6,"minecraft:campfire":7,"minecraft:dark_oak_fence_gate":2,"minecraft:painting":24,"minecraft:spruce_fence":7,"minecraft:spruce_log":115,"minecraft:pumpkin_seeds":27,"minecraft:stripped_spruce_log":57,"minecraft:birch_fence":263,"minecraft:redstone_torch":4,"minecraft:mossy_cobblestone_stairs":21,"minecraft:dark_oak_planks":164,"minecraft:flower_pot":6,"minecraft:acacia_stairs":36,"minecraft:bookshelf":32,"minecraft:diamond_shovel":146,"minecraft:dark_oak_log":3,"minecraft:red_wool":17,"minecraft:command_block":3,"minecraft:birch_slab":32,"minecraft:spruce_wood":1,"minecraft:grass_block":297,"minecraft:oak_stairs":21,"minecraft:barrier":49,"minecraft:acacia_slab":355,"minecraft:green_wool":63,"minecraft:lectern":1,"minecraft:jungle_stairs":29,"minecraft:dark_oak_wood":171,"minecraft:mossy_cobblestone_slab":20,"minecraft:dark_oak_slab":466,"minecraft:spruce_trapdoor":7,"minecraft:melon_seeds":25,"minecraft:bedrock":5,"minecraft:nether_wart_block":6,"minecraft:red_stained_glass_pane":1,"minecraft:cobblestone":166,"minecraft:snow":84,"minecraft:written_book":1,"minecraft:acacia_pressure_plate":10,"minecraft:dark_oak_pressure_plate":1,"minecraft:dark_oak_fence":46,"minecraft:smithing_table":4,"minecraft:beetroot_seeds":24,"minecraft:andesite":20,"minecraft:grass_path":357,"minecraft:glass_pane":18,"minecraft:mossy_cobblestone_wall":22,"minecraft:light_gray_bed":5,"minecraft:birch_stairs":7,"minecraft:stripped_spruce_wood":1},"minecraft:custom":{"minecraft:interact_with_cartography_table":2,"minecraft:interact_with_crafting_table":1,"minecraft:play_one_minute":451878,"minecraft:pot_flower":1,"minecraft:leave_game":14,"minecraft:time_since_death":36340,"minecraft:climb_one_cm":3091,"minecraft:time_since_rest":36377,"minecraft:sprint_one_cm":73499,"minecraft:walk_one_cm":296755,"minecraft:damage_taken":685,"minecraft:drop":1,"minecraft:fly_one_cm":2278775,"minecraft:open_chest":3,"minecraft:crouch_one_cm":23103,"minecraft:deaths":2,"minecraft:sneak_time":15744,"minecraft:interact_with_lectern":5,"minecraft:jump":766,"minecraft:walk_on_water_one_cm":18083,"minecraft:fall_one_cm":11308},"minecraft:dropped":{"minecraft:wooden_axe":1},"minecraft:picked_up":{"minecraft:wooden_axe":3,"minecraft:jungle_fence":1,"minecraft:snow":1,"minecraft:birch_fence":1,"minecraft:wheat_seeds":76,"minecraft:redstone_torch":1,"minecraft:player_head":4,"minecraft:spruce_slab":2,"minecraft:dark_oak_slab":1,"minecraft:torch":1,"minecraft:stripped_spruce_log":1,"minecraft:spruce_log":2,"minecraft:spruce_door":1,"minecraft:jungle_leaves":1,"minecraft:campfire":1,"minecraft:painting":1,"minecraft:birch_sign":1,"minecraft:acacia_slab":1,"minecraft:rail":3}},"DataVersion":2580}