{"stats":{"minecraft:used":{"minecraft:carrot_on_a_stick":12},"minecraft:dropped":{"minecraft:carrot_on_a_stick":17},"minecraft:killed_by":{"minecraft:player":2},"minecraft:custom":{"minecraft:jump":113,"minecraft:time_since_rest":2195,"minecraft:damage_dealt":198,"minecraft:play_one_minute":7224,"minecraft:crouch_one_cm":712,"minecraft:damage_taken":550,"minecraft:leave_game":2,"minecraft:sprint_one_cm":15632,"minecraft:time_since_death":2166,"minecraft:walk_one_cm":17349,"minecraft:deaths":2,"minecraft:sneak_time":604,"minecraft:climb_one_cm":3618,"minecraft:walk_under_water_one_cm":430,"minecraft:fall_one_cm":3873,"minecraft:talked_to_villager":3,"minecraft:drop":17,"minecraft:fly_one_cm":53577,"minecraft:player_kills":1},"minecraft:picked_up":{"minecraft:carrot_on_a_stick":17}},"DataVersion":1976}