{"stats":{"minecraft:picked_up":{"minecraft:black_carpet":1,"minecraft:wheat":1,"minecraft:lava_bucket":1,"minecraft:wheat_seeds":39,"minecraft:bucket":6,"minecraft:rail":2},"minecraft:used":{"minecraft:oak_fence":45,"minecraft:oak_trapdoor":2,"minecraft:oak_log":80,"minecraft:wooden_hoe":2,"minecraft:wheat_seeds":272,"minecraft:petrified_oak_slab":55,"minecraft:lever":1,"minecraft:jungle_leaves":425,"minecraft:lava_bucket":7,"minecraft:ladder":15,"minecraft:cobblestone_stairs":3,"minecraft:birch_leaves":2,"minecraft:jungle_log":131,"minecraft:oak_planks":47,"minecraft:red_wool":56,"minecraft:melon":5,"minecraft:prismarine":43,"minecraft:carved_pumpkin":1,"minecraft:red_concrete":6,"minecraft:grass_block":2540,"minecraft:oak_stairs":43,"minecraft:dispenser":2,"minecraft:barrier":37,"minecraft:bone_block":1,"minecraft:diamond_hoe":157,"minecraft:quartz_block":3,"minecraft:black_carpet":1,"minecraft:sign":10,"minecraft:chest":1,"minecraft:stone":16,"minecraft:dark_oak_slab":12,"minecraft:quartz_stairs":2,"minecraft:conduit":2,"minecraft:farmland":292,"minecraft:item_frame":4,"minecraft:green_terracotta":1,"minecraft:oak_leaves":700,"minecraft:white_wool":131,"minecraft:jungle_wood":3,"minecraft:anvil":6,"minecraft:rail":18,"minecraft:cobblestone":21,"minecraft:cocoa_beans":8,"minecraft:hay_block":21,"minecraft:tnt":14,"minecraft:crafting_table":1,"minecraft:furnace":1,"minecraft:dark_oak_fence":49,"minecraft:podzol":19,"minecraft:cobblestone_wall":2,"minecraft:red_banner":16,"minecraft:grass_path":294,"minecraft:orange_wool":43,"minecraft:coarse_dirt":20,"minecraft:cyan_wool":32,"minecraft:pumpkin":2,"minecraft:dark_oak_planks":169},"minecraft:custom":{"minecraft:time_since_rest":285181,"minecraft:sprint_one_cm":110194,"minecraft:damage_taken":890,"minecraft:walk_one_cm":380336,"minecraft:drop":2,"minecraft:damage_dealt":10,"minecraft:fly_one_cm":1339291,"minecraft:open_chest":1,"minecraft:play_one_minute":348873,"minecraft:crouch_one_cm":129871,"minecraft:deaths":1,"minecraft:sneak_time":33583,"minecraft:jump":845,"minecraft:leave_game":6,"minecraft:time_since_death":285149,"minecraft:climb_one_cm":368,"minecraft:fall_one_cm":9938,"minecraft:inspect_dispenser":5},"minecraft:dropped":{"minecraft:farmland":1,"minecraft:petrified_oak_slab":1}},"DataVersion":1631}