{"stats":{"minecraft:used":{"minecraft:peony":8,"minecraft:nether_brick_fence":36,"minecraft:light_blue_stained_glass_pane":209,"minecraft:writable_book":1,"minecraft:light_gray_stained_glass_pane":698,"minecraft:dispenser":2,"minecraft:red_sandstone_slab":15,"minecraft:spruce_slab":478,"minecraft:poppy":4,"minecraft:bone_block":45,"minecraft:ladder":128,"minecraft:oak_sign":867,"minecraft:black_carpet":178,"minecraft:chest":47,"minecraft:stone":7204,"minecraft:iron_sword":108,"minecraft:grass":68,"minecraft:quartz_stairs":739,"minecraft:bubble_coral":29,"minecraft:player_head":142,"minecraft:rotten_flesh":1,"minecraft:tube_coral":17,"minecraft:spruce_leaves":813,"minecraft:cocoa_beans":18,"minecraft:blue_stained_glass":52,"minecraft:nether_bricks":590,"minecraft:acacia_button":243,"minecraft:obsidian":592,"minecraft:glass":582,"minecraft:packed_ice":2,"minecraft:cyan_terracotta":2,"minecraft:lava_bucket":1052,"minecraft:stripped_dark_oak_wood":18,"minecraft:quartz_pillar":104,"minecraft:quartz_slab":813,"minecraft:red_wool":5,"minecraft:black_stained_glass_pane":6,"minecraft:grass_block":2086,"minecraft:blue_orchid":13,"minecraft:quartz_block":250,"minecraft:dark_oak_slab":2030,"minecraft:tropical_fish_spawn_egg":66,"minecraft:dark_oak_button":325,"minecraft:stone_brick_stairs":2360,"minecraft:stone_bricks":8498,"minecraft:item_frame":319,"minecraft:bedrock":18,"minecraft:repeater":2901,"minecraft:red_stained_glass_pane":5,"minecraft:birch_button":85,"minecraft:birch_trapdoor":50,"minecraft:bow":284,"minecraft:red_carpet":98,"minecraft:redstone_lamp":108,"minecraft:infested_mossy_stone_bricks":39,"minecraft:brown_carpet":58,"minecraft:snow":15,"minecraft:horn_coral":49,"minecraft:dark_oak_boat":8,"minecraft:hay_block":94,"minecraft:written_book":19,"minecraft:furnace":1,"minecraft:acacia_fence":8,"minecraft:gold_block":645,"minecraft:skeleton_skull":70,"minecraft:egg":13,"minecraft:seagrass":109,"minecraft:dark_oak_stairs":499,"minecraft:mossy_stone_bricks":2734,"minecraft:diorite":3,"minecraft:end_rod":15,"minecraft:spruce_door":2,"minecraft:dropper":1,"minecraft:gray_carpet":276,"minecraft:powered_rail":2281,"minecraft:acacia_trapdoor":24,"minecraft:prismarine":127,"minecraft:oak_planks":10,"minecraft:prismarine_stairs":68,"minecraft:lily_pad":1,"minecraft:cactus":14,"minecraft:sandstone":23,"minecraft:black_glazed_terracotta":413,"minecraft:redstone_block":550,"minecraft:blue_bed":3,"minecraft:oak_leaves":1181,"minecraft:white_wool":56,"minecraft:brain_coral":1,"minecraft:dark_oak_trapdoor":157,"minecraft:sand":282,"minecraft:light_blue_concrete":70,"minecraft:lime_stained_glass_pane":17,"minecraft:black_banner":7,"minecraft:yellow_concrete":984,"minecraft:acacia_leaves":6,"minecraft:gray_concrete":1422,"minecraft:chiseled_quartz_block":73,"minecraft:note_block":19,"minecraft:lingering_potion":8,"minecraft:skeleton_horse_spawn_egg":1,"minecraft:birch_fence":9,"minecraft:redstone_torch":446,"minecraft:black_terracotta":2,"minecraft:sticky_piston":10,"minecraft:lever":69,"minecraft:green_concrete":2,"minecraft:red_sandstone":3,"minecraft:black_concrete":3342,"minecraft:firework_rocket":24,"minecraft:chiseled_sandstone":7,"minecraft:dark_oak_log":1301,"minecraft:gray_stained_glass_pane":51,"minecraft:birch_slab":307,"minecraft:light_gray_concrete":640,"minecraft:heavy_weighted_pressure_plate":18,"minecraft:string":130,"minecraft:barrier":116,"minecraft:stone_button":108,"minecraft:polished_granite":10,"minecraft:oak_pressure_plate":3,"minecraft:iron_door":59,"minecraft:cut_red_sandstone":6,"minecraft:gravel":214,"minecraft:lilac":6,"minecraft:diamond_sword":263,"minecraft:coal_block":124,"minecraft:dark_oak_fence":157,"minecraft:white_stained_glass":122,"minecraft:andesite":6,"minecraft:smooth_stone_slab":4531,"minecraft:white_concrete":1298,"minecraft:coarse_dirt":19,"minecraft:bone_meal":19,"minecraft:cobweb":129,"minecraft:oak_trapdoor":512,"minecraft:trident":127,"minecraft:rose_bush":5,"minecraft:jungle_leaves":7576,"minecraft:iron_bars":2460,"minecraft:acacia_log":1,"minecraft:orange_concrete":134,"minecraft:flint_and_steel":150,"minecraft:dead_bush":43,"minecraft:armor_stand":7,"minecraft:red_concrete":1276,"minecraft:redstone":1555,"minecraft:pufferfish_spawn_egg":7,"minecraft:light_gray_carpet":159,"minecraft:spruce_planks":238,"minecraft:netherrack":81,"minecraft:torch":2,"minecraft:dirt":176,"minecraft:anvil":8,"minecraft:white_carpet":48,"minecraft:hopper":1,"minecraft:prismarine_bricks":116,"minecraft:spruce_stairs":110,"minecraft:cobblestone_wall":143,"minecraft:nether_brick_slab":92,"minecraft:yellow_carpet":2,"minecraft:light_blue_stained_glass":53,"minecraft:jungle_trapdoor":7,"minecraft:granite":1,"minecraft:spruce_fence":236,"minecraft:blue_concrete":155,"minecraft:nether_brick_stairs":269,"minecraft:stone_brick_slab":2973,"minecraft:dark_oak_planks":468,"minecraft:wooden_axe":1,"minecraft:sea_lantern":5141,"minecraft:light_gray_stained_glass":5,"minecraft:bookshelf":23,"minecraft:iron_block":16695,"minecraft:slime_block":1,"minecraft:spruce_button":26,"minecraft:smooth_sandstone":44,"minecraft:acacia_slab":48,"minecraft:jungle_log":267,"minecraft:smooth_quartz":149,"minecraft:prismarine_slab":22,"minecraft:light_gray_wool":21,"minecraft:tripwire_hook":74,"minecraft:purple_concrete":2,"minecraft:glowstone":12,"minecraft:lime_concrete":403,"minecraft:gray_glazed_terracotta":29,"minecraft:tall_grass":19,"minecraft:emerald_block":25,"minecraft:iron_trapdoor":1226,"minecraft:dark_oak_pressure_plate":2,"minecraft:lime_stained_glass":242,"minecraft:minecart":41,"minecraft:stone_pressure_plate":17,"minecraft:cooked_beef":5,"minecraft:acacia_planks":2,"minecraft:observer":49,"minecraft:water_bucket":2890,"minecraft:yellow_banner":6,"minecraft:cobblestone_stairs":170,"minecraft:sandstone_stairs":19,"minecraft:prismarine_brick_slab":9,"minecraft:birch_planks":272,"minecraft:lead":12,"minecraft:polished_andesite":26,"minecraft:lime_wool":1,"minecraft:blue_wool":9,"minecraft:cut_sandstone":274,"minecraft:red_mushroom_block":393,"minecraft:cobblestone_slab":499,"minecraft:horse_spawn_egg":1,"minecraft:conduit":22,"minecraft:cracked_stone_bricks":63,"minecraft:mossy_cobblestone":295,"minecraft:diamond_block":57,"minecraft:orange_carpet":11,"minecraft:rail":1018,"minecraft:comparator":2,"minecraft:vine":336,"minecraft:oak_slab":1,"minecraft:crafting_table":1,"minecraft:red_mushroom":4,"minecraft:dark_oak_fence_gate":2,"minecraft:fire_coral":43,"minecraft:painting":111,"minecraft:infested_stone_bricks":1870,"minecraft:spruce_log":53,"minecraft:mushroom_stem":134,"minecraft:oak_log":68,"minecraft:blue_stained_glass_pane":18,"minecraft:flower_pot":24,"minecraft:piston":13,"minecraft:activator_rail":1,"minecraft:diamond_pickaxe":194,"minecraft:acacia_stairs":10,"minecraft:black_wool":45,"minecraft:command_block":2373,"minecraft:chicken":1,"minecraft:iron_pickaxe":20,"minecraft:oak_button":10,"minecraft:pig_spawn_egg":2,"minecraft:map":77,"minecraft:spruce_pressure_plate":13,"minecraft:detector_rail":12,"minecraft:magenta_concrete":20,"minecraft:spruce_trapdoor":627,"minecraft:chiseled_stone_bricks":209,"minecraft:green_carpet":10,"minecraft:fishing_rod":9,"minecraft:cobblestone":475,"minecraft:potion":7,"minecraft:white_banner":5,"minecraft:bucket":7,"minecraft:red_banner":1,"minecraft:sandstone_slab":8,"minecraft:lapis_block":1,"minecraft:grass_path":296,"minecraft:glass_pane":281,"minecraft:sea_pickle":25,"minecraft:kelp":133,"minecraft:gray_wool":19,"minecraft:smooth_stone":1188,"minecraft:birch_stairs":133},"minecraft:dropped":{"minecraft:cooked_beef":28,"minecraft:nether_star":23,"minecraft:cracked_stone_bricks":248,"minecraft:emerald":18,"minecraft:emerald_block":8,"minecraft:trident":1,"minecraft:arrow":1,"minecraft:written_book":4,"minecraft:firework_rocket":1,"minecraft:prismarine_crystals":30,"minecraft:barrier":1,"minecraft:lead":1,"minecraft:dead_bush":164,"minecraft:smooth_stone":1,"minecraft:red_concrete":2,"minecraft:kelp":64,"minecraft:stone":1,"minecraft:diamond_pickaxe":2,"minecraft:diamond_boots":1,"minecraft:bow":1},"minecraft:mined":{"minecraft:iron_bars":30,"minecraft:tripwire":2,"minecraft:cobblestone_wall":10,"minecraft:cobweb":14},"minecraft:killed_by":{"minecraft:wither_skeleton":4,"minecraft:cave_spider":1,"minecraft:player":1},"minecraft:crafted":{"minecraft:bow":2,"minecraft:arrow":16,"minecraft:emerald_block":7},"minecraft:custom":{"minecraft:interact_with_crafting_table":12,"minecraft:leave_game":236,"minecraft:time_since_death":151430,"minecraft:damage_resisted":3240,"minecraft:sprint_one_cm":781376,"minecraft:drop":529,"minecraft:deaths":108,"minecraft:jump":22900,"minecraft:walk_on_water_one_cm":665608,"minecraft:play_one_minute":27200221,"minecraft:open_enderchest":2,"minecraft:damage_dealt":26597,"minecraft:crouch_one_cm":222755,"minecraft:horse_one_cm":3117118,"minecraft:inspect_dispenser":5,"minecraft:inspect_dropper":1,"minecraft:mob_kills":124,"minecraft:climb_one_cm":72733,"minecraft:walk_one_cm":21899743,"minecraft:sneak_time":534887,"minecraft:walk_under_water_one_cm":1863469,"minecraft:boat_one_cm":3606651,"minecraft:tune_noteblock":260,"minecraft:pot_flower":21,"minecraft:time_since_rest":151493,"minecraft:damage_taken":25582,"minecraft:trigger_trapped_chest":1,"minecraft:minecart_one_cm":8087423,"minecraft:swim_one_cm":630188,"minecraft:fly_one_cm":179883528,"minecraft:open_chest":190,"minecraft:aviate_one_cm":26005957,"minecraft:fall_one_cm":236459},"minecraft:killed":{"minecraft:cave_spider":24,"minecraft:spider":14,"minecraft:zombie_horse":2,"minecraft:chicken":6,"minecraft:magma_cube":31,"minecraft:pig":2,"minecraft:slime":23,"minecraft:drowned":1,"minecraft:husk":3,"minecraft:wither_skeleton":18},"minecraft:picked_up":{"minecraft:wooden_axe":3,"minecraft:seagrass":11,"minecraft:iron_chestplate":3,"minecraft:black_carpet":1,"minecraft:redstone_block":2,"minecraft:anvil":1,"minecraft:lead":1,"minecraft:birch_button":2,"minecraft:stone_brick_stairs":1,"minecraft:string":134,"minecraft:dark_oak_trapdoor":1,"minecraft:smooth_stone_slab":1,"minecraft:oak_sign":27,"minecraft:smooth_stone":1,"minecraft:cobblestone_slab":1,"minecraft:rose_bush":10,"minecraft:redstone_torch":3,"minecraft:written_book":3,"minecraft:ender_eye":2,"minecraft:iron_pickaxe":3,"minecraft:iron_boots":2,"minecraft:stick":20,"minecraft:birch_trapdoor":2,"minecraft:torch":2,"minecraft:porkchop":3,"minecraft:diorite":1,"minecraft:vine":1,"minecraft:rotten_flesh":14,"minecraft:iron_block":1,"minecraft:iron_bars":30,"minecraft:cobblestone":1,"minecraft:magma_cream":1,"minecraft:cooked_beef":126,"minecraft:feather":35,"minecraft:lilac":1,"minecraft:repeater":5,"minecraft:iron_door":5,"minecraft:gray_concrete":1,"minecraft:glass":1,"minecraft:bone":17,"minecraft:bow":12,"minecraft:wheat_seeds":82,"minecraft:mossy_stone_bricks":1,"minecraft:powered_rail":19,"minecraft:black_stained_glass_pane":1,"minecraft:sand":318,"minecraft:grass_block":1,"minecraft:dead_bush":300,"minecraft:spectral_arrow":12,"minecraft:dark_oak_log":2,"minecraft:light_gray_concrete":1,"minecraft:lever":3,"minecraft:bone_meal":1,"minecraft:white_concrete":4,"minecraft:golden_horse_armor":3,"minecraft:emerald":158,"minecraft:light_gray_carpet":1,"minecraft:dark_oak_fence":3,"minecraft:nether_star":5,"minecraft:diamond_pickaxe":5,"minecraft:cocoa_beans":1,"minecraft:azure_bluet":38,"minecraft:chicken":5,"minecraft:ladder":12,"minecraft:clay_ball":1,"minecraft:gold_block":2,"minecraft:acacia_button":5,"minecraft:heavy_weighted_pressure_plate":27,"minecraft:oak_trapdoor":2,"minecraft:elytra":1,"minecraft:quartz_slab":2,"minecraft:item_frame":95,"minecraft:white_carpet":3,"minecraft:glass_pane":2,"minecraft:cracked_stone_bricks":1304,"minecraft:detector_rail":1,"minecraft:player_head":18,"minecraft:poppy":5,"minecraft:spruce_slab":1,"minecraft:minecart":1,"minecraft:quartz_stairs":3,"minecraft:stone":1,"minecraft:music_disc_mellohi":1,"minecraft:quartz_pillar":1,"minecraft:stone_button":6,"minecraft:redstone":14,"minecraft:dark_oak_planks":1,"minecraft:arrow":85,"minecraft:peony":2,"minecraft:saddle":24,"minecraft:black_banner":1,"minecraft:skeleton_skull":11,"minecraft:rail":13,"minecraft:oxeye_daisy":14,"minecraft:clock":1,"minecraft:dark_oak_button":25,"minecraft:tripwire_hook":2,"minecraft:leather":2,"minecraft:filled_map":105,"minecraft:cobblestone_wall":13,"minecraft:blue_bed":2,"minecraft:kelp":341,"minecraft:red_carpet":2,"minecraft:gray_carpet":3,"minecraft:apple":1,"minecraft:stone_bricks":2,"minecraft:dark_oak_stairs":2,"minecraft:dark_oak_slab":2,"minecraft:emerald_block":3,"minecraft:chiseled_stone_bricks":1,"minecraft:yellow_concrete":11,"minecraft:dandelion":6,"minecraft:spider_eye":11,"minecraft:sea_lantern":5,"minecraft:firework_rocket":38,"minecraft:slime_ball":16,"minecraft:iron_helmet":1,"minecraft:painting":1,"minecraft:dark_oak_wood":1,"minecraft:coal":4}},"DataVersion":1976}