{"stats":{"minecraft:crafted":{"minecraft:leather_boots":2,"minecraft:leather_chestplate":2},"minecraft:custom":{"minecraft:inspect_dropper":5,"minecraft:mob_kills":1,"minecraft:inspect_hopper":5,"minecraft:interact_with_crafting_table":2,"minecraft:open_barrel":21,"minecraft:play_one_minute":459043,"minecraft:bell_ring":1,"minecraft:pot_flower":6,"minecraft:leave_game":3,"minecraft:time_since_death":459043,"minecraft:sleep_in_bed":1,"minecraft:climb_one_cm":2641,"minecraft:time_since_rest":428203,"minecraft:sprint_one_cm":137773,"minecraft:walk_one_cm":553391,"minecraft:damage_taken":20,"minecraft:drop":15,"minecraft:damage_dealt":70,"minecraft:fly_one_cm":647353,"minecraft:open_chest":6,"minecraft:crouch_one_cm":43384,"minecraft:sneak_time":22720,"minecraft:walk_under_water_one_cm":224,"minecraft:jump":1043,"minecraft:interact_with_blast_furnace":5,"minecraft:walk_on_water_one_cm":2266,"minecraft:interact_with_smoker":6,"minecraft:inspect_dispenser":3,"minecraft:fall_one_cm":406},"minecraft:killed":{"minecraft:chicken":1},"minecraft:dropped":{"minecraft:bricks":1,"minecraft:lime_wool":1,"minecraft:end_rod":1,"minecraft:wooden_axe":7,"minecraft:spruce_log":2,"minecraft:stone_brick_stairs":2,"minecraft:white_wool":1},"minecraft:used":{"minecraft:light_blue_carpet":7,"minecraft:water_bucket":2,"minecraft:end_rod":85,"minecraft:iron_bars":88,"minecraft:cobblestone_stairs":595,"minecraft:brick_wall":3,"minecraft:dropper":1,"minecraft:snow_block":8,"minecraft:armor_stand":26,"minecraft:oak_planks":429,"minecraft:dispenser":6,"minecraft:polished_andesite":15,"minecraft:lime_wool":101,"minecraft:ladder":57,"minecraft:light_gray_carpet":4,"minecraft:oak_sign":9,"minecraft:chest":9,"minecraft:spruce_planks":98,"minecraft:bell":8,"minecraft:cobblestone_slab":129,"minecraft:dried_kelp_block":10,"minecraft:netherrack":3,"minecraft:spruce_leaves":644,"minecraft:white_wool":486,"minecraft:torch":10,"minecraft:dark_oak_trapdoor":81,"minecraft:crafting_table":1,"minecraft:comparator":3,"minecraft:lime_bed":34,"minecraft:white_carpet":2,"minecraft:tnt":27,"minecraft:hopper":12,"minecraft:red_bed":34,"minecraft:brick_slab":31,"minecraft:light_blue_wool":9,"minecraft:blast_furnace":7,"minecraft:cobblestone_wall":31,"minecraft:yellow_concrete":13,"minecraft:campfire":9,"minecraft:yellow_carpet":7,"minecraft:stone_brick_wall":56,"minecraft:gray_concrete":59,"minecraft:spruce_log":403,"minecraft:smoker":5,"minecraft:dark_oak_door":9,"minecraft:oak_log":90,"minecraft:glass":117,"minecraft:stone_brick_slab":121,"minecraft:flower_pot":5,"minecraft:lava_bucket":2,"minecraft:bricks":599,"minecraft:daylight_detector":10,"minecraft:red_wool":139,"minecraft:spruce_wood":7,"minecraft:iron_block":12,"minecraft:grass_block":7,"minecraft:oak_stairs":10,"minecraft:brick_stairs":36,"minecraft:stone_button":17,"minecraft:chicken_spawn_egg":12,"minecraft:iron_door":7,"minecraft:dark_oak_button":10,"minecraft:stone_brick_stairs":117,"minecraft:barrel":58,"minecraft:stone_bricks":235,"minecraft:yellow_wool":17,"minecraft:item_frame":2,"minecraft:bedrock":1,"minecraft:repeater":1,"minecraft:glowstone":4,"minecraft:coal_block":3,"minecraft:red_carpet":11,"minecraft:cobblestone":247,"minecraft:snow":449,"minecraft:hay_block":3,"minecraft:scaffolding":7,"minecraft:iron_trapdoor":52,"minecraft:grindstone":110,"minecraft:white_stained_glass_pane":42,"minecraft:grass_path":10,"minecraft:bucket":1,"minecraft:glass_pane":2,"minecraft:gold_block":17,"minecraft:smooth_stone_slab":32,"minecraft:stone_pressure_plate":5,"minecraft:cobweb":22,"minecraft:observer":5,"minecraft:smooth_stone":58,"minecraft:large_fern":2},"minecraft:picked_up":{"minecraft:wooden_axe":7,"minecraft:lime_bed":23,"minecraft:stone_brick_stairs":2,"minecraft:red_bed":21,"minecraft:white_carpet":1,"minecraft:oak_sign":2,"minecraft:wheat_seeds":116,"minecraft:comparator":1,"minecraft:egg":33,"minecraft:dark_oak_door":9,"minecraft:scaffolding":5,"minecraft:lime_wool":1,"minecraft:spruce_log":2,"minecraft:end_rod":1,"minecraft:bricks":1,"minecraft:white_wool":1,"minecraft:hopper":1}},"DataVersion":1976}