{"stats":{"minecraft:killed":{"minecraft:chicken":6},"minecraft:picked_up":{"minecraft:smithing_table":1,"minecraft:orange_concrete":64,"minecraft:white_carpet":2,"minecraft:oak_sign":1,"minecraft:cartography_table":3,"minecraft:spruce_pressure_plate":5,"minecraft:stick":2,"minecraft:stone":2,"minecraft:composter":1,"minecraft:repeating_command_block":1,"minecraft:cobblestone":1,"minecraft:andesite":1,"minecraft:chiseled_quartz_block":1,"minecraft:smoker":1,"minecraft:lantern":2,"minecraft:stonecutter":1,"minecraft:purple_concrete":64,"minecraft:debug_stick":1,"minecraft:spruce_sapling":1,"minecraft:blast_furnace":1,"minecraft:grass_block":1,"minecraft:barrel":2,"minecraft:light_gray_concrete":1,"minecraft:polished_andesite":1,"minecraft:painting":3,"minecraft:light_gray_carpet":1,"minecraft:red_concrete":64},"minecraft:dropped":{"minecraft:water_bucket":1,"minecraft:stripped_spruce_log":1,"minecraft:repeating_command_block":1,"minecraft:vine":1,"minecraft:birch_leaves":2,"minecraft:oak_pressure_plate":1,"minecraft:loom":1,"minecraft:smithing_table":1,"minecraft:smooth_quartz_stairs":1,"minecraft:yellow_concrete":64,"minecraft:light_gray_stained_glass_pane":1,"minecraft:cobblestone":1,"minecraft:andesite_wall":1,"minecraft:purple_concrete":128,"minecraft:lantern":2,"minecraft:command_block":1,"minecraft:bedrock":3,"minecraft:stripped_jungle_log":1,"minecraft:spruce_stairs":1,"minecraft:grass_block":2,"minecraft:polished_andesite":2,"minecraft:end_rod":3,"minecraft:cobblestone_stairs":64,"minecraft:spruce_leaves":1,"minecraft:lava_bucket":3,"minecraft:dirt":1,"minecraft:mossy_cobblestone_slab":64,"minecraft:stone_button":1,"minecraft:gray_bed":1,"minecraft:wooden_axe":2,"minecraft:smooth_quartz":1,"minecraft:stripped_birch_log":1,"minecraft:smooth_quartz_slab":2,"minecraft:jungle_leaves":1,"minecraft:bone_meal":65,"minecraft:stonecutter":2,"minecraft:mossy_cobblestone_stairs":64,"minecraft:cactus":1,"minecraft:pink_tulip":1,"minecraft:red_concrete":128,"minecraft:chiseled_quartz_block":1,"minecraft:lime_concrete":64,"minecraft:andesite_slab":67,"minecraft:composter":2,"minecraft:orange_concrete":128,"minecraft:blue_concrete":64,"minecraft:smoker":4,"minecraft:light_gray_carpet":2,"minecraft:stone_slab":64,"minecraft:stone_stairs":62,"minecraft:light_gray_concrete":2,"minecraft:debug_stick":3,"minecraft:magenta_concrete":128,"minecraft:light_blue_concrete":64,"minecraft:oak_sign":2,"minecraft:blast_furnace":1,"minecraft:cobblestone_slab":64,"minecraft:stone":4,"minecraft:flower_pot":1,"minecraft:oak_button":1,"minecraft:spruce_trapdoor":1,"minecraft:spruce_planks":1,"minecraft:andesite":2,"minecraft:lingering_potion":2,"minecraft:spruce_pressure_plate":6,"minecraft:light_gray_bed":1,"minecraft:ladder":2,"minecraft:andesite_stairs":64,"minecraft:stone_pressure_plate":1,"minecraft:barrel":4,"minecraft:spruce_log":1,"minecraft:iron_bars":1,"minecraft:cyan_concrete":64,"minecraft:campfire":2,"minecraft:beef":1,"minecraft:stripped_spruce_wood":1,"minecraft:cartography_table":4},"minecraft:mined":{"minecraft:light_gray_bed":1,"minecraft:vine":8,"minecraft:gray_bed":3},"minecraft:custom":{"minecraft:mob_kills":6,"minecraft:open_barrel":27,"minecraft:interact_with_campfire":4,"minecraft:leave_game":25,"minecraft:time_since_death":103181,"minecraft:climb_one_cm":6797,"minecraft:sprint_one_cm":95555,"minecraft:walk_one_cm":449182,"minecraft:drop":130,"minecraft:deaths":3,"minecraft:sneak_time":40941,"minecraft:walk_under_water_one_cm":7768,"minecraft:jump":1641,"minecraft:interact_with_blast_furnace":11,"minecraft:walk_on_water_one_cm":68549,"minecraft:interact_with_cartography_table":1,"minecraft:play_one_minute":608938,"minecraft:interact_with_loom":4,"minecraft:pot_flower":6,"minecraft:sleep_in_bed":1,"minecraft:time_since_rest":103211,"minecraft:damage_taken":840,"minecraft:swim_one_cm":4619,"minecraft:fly_one_cm":3924381,"minecraft:open_chest":2,"minecraft:crouch_one_cm":43085,"minecraft:interact_with_smoker":23,"minecraft:fall_one_cm":10962},"minecraft:used":{"minecraft:jungle_leaves":160,"minecraft:iron_bars":1,"minecraft:dead_tube_coral_block":2,"minecraft:orange_concrete":7,"minecraft:light_gray_stained_glass_pane":1,"minecraft:smooth_quartz_slab":242,"minecraft:red_concrete":33,"minecraft:ladder":15,"minecraft:light_gray_carpet":9,"minecraft:oak_sign":8,"minecraft:stone":1807,"minecraft:spruce_leaves":336,"minecraft:debug_stick":321,"minecraft:dirt":80,"minecraft:soul_sand":6,"minecraft:anvil":1,"minecraft:white_carpet":6,"minecraft:spruce_stairs":3,"minecraft:stone_stairs":57,"minecraft:blue_concrete":3,"minecraft:stripped_spruce_log":129,"minecraft:andesite_wall":33,"minecraft:lava_bucket":14,"minecraft:spruce_wood":362,"minecraft:lantern":12,"minecraft:grass_block":413,"minecraft:mossy_cobblestone_slab":3,"minecraft:smooth_quartz":279,"minecraft:barrel":14,"minecraft:bedrock":74,"minecraft:purple_concrete":7,"minecraft:lime_concrete":6,"minecraft:snow":329,"minecraft:scaffolding":1,"minecraft:gray_bed":4,"minecraft:stone_pressure_plate":17,"minecraft:dead_bubble_coral_block":2,"minecraft:light_gray_bed":1,"minecraft:stripped_spruce_wood":6,"minecraft:water_bucket":10,"minecraft:end_rod":33,"minecraft:snow_block":33,"minecraft:stripped_birch_log":18,"minecraft:birch_leaves":155,"minecraft:gray_carpet":26,"minecraft:cartography_table":11,"minecraft:andesite_slab":217,"minecraft:composter":7,"minecraft:structure_void":7,"minecraft:stonecutter":2,"minecraft:clay":3,"minecraft:oak_leaves":111,"minecraft:smooth_quartz_stairs":51,"minecraft:vine":29,"minecraft:light_blue_concrete":4,"minecraft:loom":11,"minecraft:dead_fire_coral_block":2,"minecraft:blast_furnace":4,"minecraft:yellow_concrete":3,"minecraft:blue_ice":1,"minecraft:campfire":15,"minecraft:chiseled_quartz_block":8,"minecraft:lingering_potion":9,"minecraft:painting":34,"minecraft:spruce_log":47,"minecraft:smoker":7,"minecraft:flower_pot":7,"minecraft:stripped_jungle_log":9,"minecraft:command_block":2,"minecraft:light_gray_concrete":1,"minecraft:string":11,"minecraft:oak_button":1,"minecraft:stone_button":14,"minecraft:stone_slab":223,"minecraft:spruce_pressure_plate":8,"minecraft:magenta_concrete":3,"minecraft:cyan_concrete":6,"minecraft:spruce_trapdoor":9,"minecraft:oak_pressure_plate":2,"minecraft:polished_andesite_slab":9,"minecraft:andesite_stairs":45,"minecraft:andesite":78,"minecraft:repeating_command_block":2,"minecraft:mossy_cobblestone_wall":2,"minecraft:ice":4,"minecraft:white_concrete":28}},"DataVersion":2230}