{"stats":{"minecraft:used":{"minecraft:torch":1,"minecraft:wheat_seeds":2},"minecraft:picked_up":{"minecraft:wheat":2,"minecraft:torch":1,"minecraft:wheat_seeds":5},"minecraft:mined":{"minecraft:wheat":2,"minecraft:jungle_leaves":1,"minecraft:acacia_leaves":1,"minecraft:wall_torch":1},"minecraft:custom":{"minecraft:jump":287,"minecraft:time_since_rest":8176,"minecraft:damage_taken":70,"minecraft:crouch_one_cm":399,"minecraft:play_one_minute":8176,"minecraft:sprint_one_cm":17973,"minecraft:walk_on_water_one_cm":1258,"minecraft:time_since_death":8176,"minecraft:walk_one_cm":14571,"minecraft:sneak_time":104,"minecraft:fall_one_cm":5852,"minecraft:fly_one_cm":61796,"minecraft:leave_game":1}},"DataVersion":1976}