{"stats":{"minecraft:used":{"minecraft:carrot_on_a_stick":1},"minecraft:killed_by":{"minecraft:player":1},"minecraft:picked_up":{"minecraft:feather":1,"minecraft:carrot_on_a_stick":11},"minecraft:mined":{"minecraft:white_stained_glass":1},"minecraft:dropped":{"minecraft:carrot_on_a_stick":11},"minecraft:custom":{"minecraft:jump":86,"minecraft:leave_game":1,"minecraft:time_since_rest":2218,"minecraft:crouch_one_cm":483,"minecraft:damage_dealt":182,"minecraft:play_one_minute":6950,"minecraft:deaths":2,"minecraft:sprint_one_cm":10475,"minecraft:damage_taken":1307,"minecraft:time_since_death":2161,"minecraft:walk_one_cm":19116,"minecraft:sneak_time":220,"minecraft:climb_one_cm":669,"minecraft:drop":11,"minecraft:fall_one_cm":11255,"minecraft:fly_one_cm":28847,"minecraft:player_kills":1}},"DataVersion":1976}