{"stats":{"minecraft:crafted":{"minecraft:leather_helmet":1},"minecraft:dropped":{"minecraft:lantern":1,"minecraft:spruce_stairs":1,"minecraft:cyan_terracotta":1,"minecraft:fishing_rod":1,"minecraft:netherite_shovel":1,"minecraft:spruce_trapdoor":1,"minecraft:barrel":1,"minecraft:white_dye":1,"minecraft:spruce_slab":1,"minecraft:iron_bars":1},"minecraft:killed":{"minecraft:horse":1},"minecraft:picked_up":{"minecraft:coarse_dirt":1,"minecraft:elytra":1,"minecraft:oak_sign":1,"minecraft:diamond_leggings":1,"minecraft:torch":3,"minecraft:music_disc_mellohi":1,"minecraft:music_disc_pigstep":1,"minecraft:diamond_boots":1,"minecraft:cyan_terracotta":1,"minecraft:birch_planks":1,"minecraft:oak_log":1,"minecraft:lantern":1,"minecraft:wheat_seeds":4,"minecraft:music_disc_far":1,"minecraft:diamond_helmet":1,"minecraft:scaffolding":80,"minecraft:music_disc_13":1,"minecraft:sand":1,"minecraft:lever":2},"minecraft:custom":{"minecraft:mob_kills":1,"minecraft:interact_with_crafting_table":1,"minecraft:open_barrel":3,"minecraft:fill_cauldron":1,"minecraft:leave_game":18,"minecraft:time_since_death":507477,"minecraft:climb_one_cm":26356,"minecraft:sprint_one_cm":94498,"minecraft:walk_one_cm":489603,"minecraft:drop":10,"minecraft:deaths":2,"minecraft:sneak_time":13202,"minecraft:walk_under_water_one_cm":3032,"minecraft:jump":1468,"minecraft:walk_on_water_one_cm":109272,"minecraft:interact_with_furnace":2,"minecraft:play_record":13,"minecraft:play_one_minute":879927,"minecraft:pot_flower":3,"minecraft:sleep_in_bed":1,"minecraft:time_since_rest":507497,"minecraft:damage_taken":629,"minecraft:trigger_trapped_chest":2,"minecraft:damage_dealt":570,"minecraft:fly_one_cm":4893018,"minecraft:open_chest":19,"minecraft:crouch_one_cm":4804,"minecraft:aviate_one_cm":616671,"minecraft:fall_one_cm":8350},"minecraft:mined":{"minecraft:oak_wall_sign":1,"minecraft:wall_torch":2,"minecraft:coarse_dirt":1,"minecraft:sand":1},"minecraft:used":{"minecraft:oak_fence":67,"minecraft:oak_trapdoor":33,"minecraft:music_disc_far":3,"minecraft:jack_o_lantern":17,"minecraft:iron_bars":104,"minecraft:red_concrete":212,"minecraft:armor_stand":6,"minecraft:spruce_slab":26,"minecraft:oak_sign":1,"minecraft:chest":8,"minecraft:stone":306,"minecraft:stripped_jungle_wood":1,"minecraft:grass":54,"minecraft:farmland":25,"minecraft:oak_door":3,"minecraft:spruce_leaves":249,"minecraft:torch":3,"minecraft:dirt":1319,"minecraft:anvil":20,"minecraft:lily_of_the_valley":5,"minecraft:white_carpet":7,"minecraft:brick_slab":5,"minecraft:spruce_stairs":69,"minecraft:cobblestone_wall":4,"minecraft:oak_wood":30,"minecraft:music_disc_11":1,"minecraft:music_disc_13":1,"minecraft:spruce_fence":219,"minecraft:oak_fence_gate":10,"minecraft:stripped_spruce_log":10,"minecraft:fern":8,"minecraft:andesite_wall":15,"minecraft:birch_door":1,"minecraft:music_disc_mellohi":2,"minecraft:stone_brick_slab":432,"minecraft:dark_oak_planks":80,"minecraft:cyan_terracotta":150,"minecraft:netherite_shovel":8,"minecraft:stripped_dark_oak_wood":9,"minecraft:music_disc_pigstep":1,"minecraft:black_stained_glass_pane":17,"minecraft:spruce_wood":69,"minecraft:lantern":27,"minecraft:grass_block":323,"minecraft:oak_stairs":51,"minecraft:brick_stairs":16,"minecraft:music_disc_ward":2,"minecraft:polished_andesite_stairs":162,"minecraft:netherite_hoe":504,"minecraft:dark_oak_slab":20,"minecraft:music_disc_wait":1,"minecraft:barrel":22,"minecraft:stone_brick_stairs":216,"minecraft:stone_bricks":266,"minecraft:item_frame":2,"minecraft:bamboo":15,"minecraft:bedrock":4,"minecraft:light_gray_wool":264,"minecraft:glowstone":7,"minecraft:snow":104,"minecraft:tall_grass":31,"minecraft:hay_block":42,"minecraft:scaffolding":191,"minecraft:furnace":11,"minecraft:white_stained_glass_pane":14,"minecraft:podzol":23,"minecraft:trapped_chest":1,"minecraft:stone_pressure_plate":2,"minecraft:potato":6,"minecraft:enchanted_golden_apple":1,"minecraft:pumpkin":13,"minecraft:large_fern":9,"minecraft:stripped_spruce_wood":220,"minecraft:brown_bed":4,"minecraft:wheat_seeds":20,"minecraft:dark_oak_stairs":71,"minecraft:water_bucket":128,"minecraft:mossy_stone_bricks":5,"minecraft:spruce_door":2,"minecraft:birch_planks":1,"minecraft:birch_leaves":1,"minecraft:polished_andesite":339,"minecraft:prismarine":2,"minecraft:mossy_stone_brick_stairs":1,"minecraft:brown_mushroom":5,"minecraft:composter":1,"minecraft:cauldron":1,"minecraft:cobblestone_slab":18,"minecraft:horse_spawn_egg":9,"minecraft:oak_leaves":6,"minecraft:dark_oak_trapdoor":2,"minecraft:sand":2460,"minecraft:rail":7,"minecraft:oak_slab":50,"minecraft:crafting_table":4,"minecraft:red_mushroom":2,"minecraft:blast_furnace":1,"minecraft:white_bed":3,"minecraft:campfire":7,"minecraft:gray_concrete":14,"minecraft:stone_brick_wall":10,"minecraft:oak_log":44,"minecraft:lever":12,"minecraft:flower_pot":4,"minecraft:black_concrete":77,"minecraft:black_wool":2,"minecraft:firework_rocket":65,"minecraft:gray_stained_glass_pane":96,"minecraft:command_block":7,"minecraft:light_gray_concrete":1585,"minecraft:music_disc_mall":2,"minecraft:brown_wool":1,"minecraft:string":6,"minecraft:stone_button":18,"minecraft:stone_slab":423,"minecraft:polished_granite":6,"minecraft:spruce_trapdoor":44,"minecraft:iron_door":12,"minecraft:gravel":54,"minecraft:polished_andesite_slab":370,"minecraft:chiseled_stone_bricks":35,"minecraft:diamond_sword":4,"minecraft:cobblestone":4,"minecraft:dead_horn_coral_fan":8,"minecraft:stripped_oak_wood":15,"minecraft:dark_oak_fence":2,"minecraft:white_stained_glass":7,"minecraft:andesite":54,"minecraft:lapis_block":237,"minecraft:chain":5,"minecraft:grass_path":3,"minecraft:sea_pickle":12,"minecraft:smooth_stone_slab":223,"minecraft:wither_rose":6,"minecraft:chest_minecart":5,"minecraft:polished_blackstone_button":1,"minecraft:stripped_oak_log":79,"minecraft:white_concrete":13,"minecraft:coarse_dirt":19,"minecraft:smooth_stone":592,"minecraft:jukebox":11,"minecraft:splash_potion":8,"minecraft:cobweb":23}},"DataVersion":2584}