{"stats":{"minecraft:custom":{"minecraft:time_since_rest":142865,"minecraft:sprint_one_cm":237682,"minecraft:damage_taken":950,"minecraft:walk_one_cm":181437,"minecraft:drop":15,"minecraft:damage_dealt":25,"minecraft:fly_one_cm":1995788,"minecraft:crouch_one_cm":9029,"minecraft:play_one_minute":231352,"minecraft:deaths":3,"minecraft:sneak_time":7442,"minecraft:jump":2632,"minecraft:walk_on_water_one_cm":871,"minecraft:leave_game":14,"minecraft:time_since_death":142817,"minecraft:climb_one_cm":2712,"minecraft:interact_with_smoker":1,"minecraft:fall_one_cm":11476},"minecraft:dropped":{"minecraft:birch_fence":3,"minecraft:player_head":4,"minecraft:spruce_slab":7,"minecraft:campfire":1},"minecraft:used":{"minecraft:oak_fence":8,"minecraft:command_block":2,"minecraft:snow_block":65,"minecraft:red_wool":101,"minecraft:birch_leaves":9,"minecraft:grass_block":1,"minecraft:spruce_slab":125,"minecraft:jungle_log":2,"minecraft:oak_sign":1,"minecraft:spruce_planks":18,"minecraft:stone_slab":17,"minecraft:stone":8,"minecraft:dark_oak_slab":24,"minecraft:composter":14,"minecraft:structure_void":2,"minecraft:cauldron":1,"minecraft:player_head":9,"minecraft:debug_stick":30,"minecraft:spruce_leaves":207,"minecraft:rail":12,"minecraft:snow":207,"minecraft:spruce_stairs":75,"minecraft:cobblestone_wall":2,"minecraft:andesite":1,"minecraft:campfire":6,"minecraft:oak_wood":20,"minecraft:light_gray_concrete_powder":7,"minecraft:gray_concrete":12,"minecraft:white_concrete":9,"minecraft:spruce_fence":6,"minecraft:light_gray_bed":2,"minecraft:spruce_log":226,"minecraft:smooth_stone":2,"minecraft:stripped_spruce_log":28,"minecraft:stripped_spruce_wood":7},"minecraft:picked_up":{"minecraft:spruce_leaves":1,"minecraft:birch_leaves":1,"minecraft:stone":1,"minecraft:andesite":1,"minecraft:snow_block":1,"minecraft:sand":4,"minecraft:spruce_sapling":4,"minecraft:lantern":2,"minecraft:snow":1,"minecraft:light_gray_concrete":1,"minecraft:command_block":1,"minecraft:birch_fence":3,"minecraft:oak_sign":1,"minecraft:cyan_terracotta":1,"minecraft:spruce_slab":7,"minecraft:birch_sapling":1}},"DataVersion":1976}