{"stats":{"minecraft:dropped":{"minecraft:water_bucket":2,"minecraft:red_concrete":1,"minecraft:emerald_block":1,"minecraft:stone":1,"minecraft:grass_block":3,"minecraft:sea_lantern":1,"minecraft:snow":1,"minecraft:dirt":1,"minecraft:ice":1,"minecraft:spruce_planks":1,"minecraft:iron_door":1,"minecraft:pink_banner":2,"minecraft:spruce_slab":2,"minecraft:firework_rocket":1},"minecraft:killed_by":{"minecraft:player":1},"minecraft:picked_up":{"minecraft:dark_oak_button":1,"minecraft:iron_door":1,"minecraft:water_bucket":2,"minecraft:brown_mushroom":1,"minecraft:flint":2,"minecraft:snow":1,"minecraft:pink_banner":2,"minecraft:wheat_seeds":23,"minecraft:redstone_torch":1,"minecraft:spruce_slab":1,"minecraft:stone":1,"minecraft:emerald_block":2,"minecraft:torch":1,"minecraft:dandelion":1,"minecraft:gravel":8,"minecraft:music_disc_pigstep":2,"minecraft:redstone":3,"minecraft:sea_lantern":1,"minecraft:cobblestone":62},"minecraft:custom":{"minecraft:play_record":2,"minecraft:open_barrel":3,"minecraft:play_one_minute":1476289,"minecraft:leave_game":26,"minecraft:time_since_death":316146,"minecraft:climb_one_cm":4103,"minecraft:time_since_rest":316273,"minecraft:damage_taken":4247,"minecraft:sprint_one_cm":607517,"minecraft:walk_one_cm":1802222,"minecraft:drop":19,"minecraft:minecart_one_cm":537264,"minecraft:damage_dealt":161,"minecraft:talked_to_villager":1,"minecraft:swim_one_cm":128734,"minecraft:fly_one_cm":8730288,"minecraft:open_chest":2,"minecraft:crouch_one_cm":14615,"minecraft:deaths":7,"minecraft:sneak_time":25498,"minecraft:walk_under_water_one_cm":1639079,"minecraft:boat_one_cm":442101,"minecraft:aviate_one_cm":9377325,"minecraft:jump":2220,"minecraft:walk_on_water_one_cm":401556,"minecraft:fall_one_cm":38986},"minecraft:used":{"minecraft:oak_fence":1,"minecraft:oak_trapdoor":4,"minecraft:dark_oak_stairs":9,"minecraft:water_bucket":1312,"minecraft:light_blue_glazed_terracotta":22,"minecraft:armor_stand":21,"minecraft:red_concrete":87,"minecraft:spruce_slab":90,"minecraft:polished_andesite":3,"minecraft:redstone":93,"minecraft:oak_planks":1,"minecraft:oak_sign":7,"minecraft:pink_banner":14,"minecraft:orange_tulip":18,"minecraft:spruce_planks":140,"minecraft:stone":1594,"minecraft:redstone_block":15,"minecraft:quartz_stairs":67,"minecraft:bubble_coral":2,"minecraft:red_glazed_terracotta":14,"minecraft:polished_blackstone_wall":2,"minecraft:tube_coral":3,"minecraft:polished_blackstone_bricks":2,"minecraft:oak_leaves":19,"minecraft:mossy_cobblestone":6,"minecraft:soul_sand":21,"minecraft:dirt":474,"minecraft:oak_slab":1,"minecraft:tnt":20,"minecraft:spruce_stairs":26,"minecraft:allium":20,"minecraft:yellow_concrete":172,"minecraft:light_gray_glazed_terracotta":11,"minecraft:gray_concrete":1,"minecraft:spruce_fence":26,"minecraft:spruce_log":623,"minecraft:firework_rocket":40,"minecraft:cyan_stained_glass":3,"minecraft:oak_fence_gate":1,"minecraft:milk_bucket":6,"minecraft:obsidian":22,"minecraft:gray_stained_glass_pane":4,"minecraft:grass_block":346,"minecraft:black_concrete":46,"minecraft:redstone_torch":22,"minecraft:lava_bucket":96,"minecraft:polished_blackstone_slab":2,"minecraft:sticky_piston":9,"minecraft:stone_brick_slab":357,"minecraft:piston":46,"minecraft:dark_oak_planks":85,"minecraft:honey_block":17,"minecraft:sea_lantern":29,"minecraft:cyan_terracotta":270,"minecraft:red_tulip":11,"minecraft:oxeye_daisy":20,"minecraft:stripped_dark_oak_wood":283,"minecraft:command_block":1,"minecraft:light_gray_stained_glass":1,"minecraft:quartz_pillar":330,"minecraft:quartz_slab":244,"minecraft:music_disc_pigstep":2,"minecraft:sunflower":3,"minecraft:spruce_wood":139,"minecraft:iron_block":1,"minecraft:blue_orchid":19,"minecraft:slime_block":20,"minecraft:smooth_sandstone":21,"minecraft:red_terracotta":25,"minecraft:dark_oak_slab":17,"minecraft:dark_oak_button":2,"minecraft:stone_brick_stairs":128,"minecraft:stone_bricks":1190,"minecraft:bedrock":4,"minecraft:cobblestone":113,"minecraft:redstone_lamp":15,"minecraft:repeater":34,"minecraft:snow":5,"minecraft:magma_block":14,"minecraft:potion":2,"minecraft:black_stained_glass":6,"minecraft:hay_block":7,"minecraft:emerald_block":1,"minecraft:gray_glazed_terracotta":27,"minecraft:red_concrete_powder":3,"minecraft:dark_oak_fence":3,"minecraft:white_stained_glass":470,"minecraft:ice":1,"minecraft:polished_blackstone_button":1,"minecraft:white_concrete":151,"minecraft:jukebox":1,"minecraft:stripped_spruce_wood":2}},"DataVersion":2584}