{"stats":{"minecraft:killed":{"minecraft:chicken":2},"minecraft:used":{"minecraft:chicken":2},"minecraft:picked_up":{"minecraft:feather":1,"minecraft:chicken":2,"minecraft:carrot_on_a_stick":8},"minecraft:dropped":{"minecraft:feather":1,"minecraft:carrot_on_a_stick":9},"minecraft:custom":{"minecraft:time_since_rest":1735,"minecraft:play_one_minute":6906,"minecraft:crouch_one_cm":386,"minecraft:walk_one_cm":29949,"minecraft:sprint_one_cm":26241,"minecraft:damage_taken":902,"minecraft:deaths":2,"minecraft:sneak_time":252,"minecraft:mob_kills":2,"minecraft:drop":10,"minecraft:jump":136,"minecraft:damage_dealt":832,"minecraft:leave_game":1,"minecraft:time_since_death":1696,"minecraft:climb_one_cm":1410,"minecraft:fall_one_cm":8553,"minecraft:fly_one_cm":46410,"minecraft:player_kills":3}},"DataVersion":1976}