{"stats":{"minecraft:custom":{"minecraft:time_since_rest":121746,"minecraft:sprint_one_cm":18023,"minecraft:damage_taken":660,"minecraft:walk_one_cm":183267,"minecraft:drop":2,"minecraft:minecart_one_cm":168776,"minecraft:fly_one_cm":1492693,"minecraft:swim_one_cm":2761,"minecraft:tune_noteblock":5,"minecraft:open_chest":3,"minecraft:play_one_minute":232640,"minecraft:crouch_one_cm":5459,"minecraft:deaths":2,"minecraft:sneak_time":9439,"minecraft:walk_under_water_one_cm":1933,"minecraft:aviate_one_cm":206364,"minecraft:jump":312,"minecraft:leave_game":6,"minecraft:time_since_death":121465,"minecraft:walk_on_water_one_cm":519,"minecraft:climb_one_cm":873,"minecraft:fall_one_cm":6296},"minecraft:dropped":{"minecraft:spruce_slab":1,"minecraft:bone":1},"minecraft:used":{"minecraft:birch_door":1,"minecraft:redstone_torch":92,"minecraft:red_sandstone_stairs":1,"minecraft:iron_bars":5,"minecraft:jungle_leaves":7,"minecraft:water_bucket":2,"minecraft:dark_oak_stairs":16,"minecraft:petrified_oak_slab":1,"minecraft:mossy_stone_bricks":1,"minecraft:acacia_stairs":50,"minecraft:end_rod":37,"minecraft:black_concrete":59,"minecraft:lava_bucket":49,"minecraft:firework_rocket":1,"minecraft:stripped_dark_oak_wood":18,"minecraft:light_blue_glazed_terracotta":33,"minecraft:bookshelf":70,"minecraft:dead_tube_coral_block":3,"minecraft:acacia_door":4,"minecraft:black_stained_glass_pane":16,"minecraft:wither_skeleton_skull":3,"minecraft:birch_slab":10,"minecraft:quartz_slab":6,"minecraft:heavy_weighted_pressure_plate":12,"minecraft:ladder":15,"minecraft:acacia_trapdoor":13,"minecraft:spruce_slab":62,"minecraft:powered_rail":350,"minecraft:barrier":2,"minecraft:smooth_sandstone":12,"minecraft:stone_button":9,"minecraft:sign":18,"minecraft:chest":5,"minecraft:stone_slab":132,"minecraft:dark_oak_slab":46,"minecraft:stone":194,"minecraft:spruce_trapdoor":44,"minecraft:redstone_block":4,"minecraft:cauldron":5,"minecraft:gravel":4,"minecraft:quartz_stairs":15,"minecraft:grass":1,"minecraft:cobblestone_slab":40,"minecraft:stone_bricks":1,"minecraft:item_frame":21,"minecraft:debug_stick":1,"minecraft:birch_button":2,"minecraft:birch_trapdoor":12,"minecraft:rail":419,"minecraft:snow":49,"minecraft:dark_prismarine_slab":4,"minecraft:dark_oak_pressure_plate":1,"minecraft:yellow_glazed_terracotta":17,"minecraft:lapis_block":15,"minecraft:cobblestone_wall":112,"minecraft:minecart":9,"minecraft:jungle_slab":4,"minecraft:note_block":34,"minecraft:painting":34,"minecraft:gray_concrete":32,"minecraft:jukebox":5,"minecraft:smooth_stone":1149,"minecraft:obsidian":83},"minecraft:picked_up":{"minecraft:sign":2,"minecraft:bone":1,"minecraft:spruce_slab":1,"minecraft:powered_rail":1,"minecraft:rail":1}},"DataVersion":1631}