{"stats":{"minecraft:used":{"minecraft:birch_fence":19,"minecraft:redstone_torch":3,"minecraft:oak_log":287,"minecraft:oak_trapdoor":12,"minecraft:wheat_seeds":62,"minecraft:glass":54,"minecraft:dark_prismarine":12,"minecraft:water_bucket":28,"minecraft:orange_concrete_powder":7,"minecraft:lever":2,"minecraft:iron_bars":13,"minecraft:cobblestone_stairs":30,"minecraft:sandstone_stairs":49,"minecraft:red_wool":5,"minecraft:oak_planks":214,"minecraft:spruce_slab":70,"minecraft:quartz_slab":15,"minecraft:smooth_sandstone":12,"minecraft:red_concrete":53,"minecraft:grass_block":5,"minecraft:oak_stairs":21,"minecraft:redstone":1,"minecraft:polished_andesite":286,"minecraft:barrier":11,"minecraft:ladder":18,"minecraft:bone_block":1,"minecraft:stone_button":7,"minecraft:quartz_block":49,"minecraft:chest":3,"minecraft:lectern":1,"minecraft:white_concrete_powder":1,"minecraft:spruce_planks":46,"minecraft:red_terracotta":1,"minecraft:stone":87,"minecraft:cut_sandstone":1,"minecraft:redstone_block":2,"minecraft:quartz_stairs":24,"minecraft:cobblestone_slab":26,"minecraft:stone_brick_stairs":40,"minecraft:farmland":21,"minecraft:stone_bricks":23,"minecraft:netherrack":3,"minecraft:white_wool":180,"minecraft:fire_charge":4,"minecraft:coal_block":16,"minecraft:dirt":45,"minecraft:rail":6,"minecraft:cobblestone":190,"minecraft:potion":2,"minecraft:oak_slab":150,"minecraft:iron_trapdoor":3,"minecraft:crafting_table":3,"minecraft:furnace":2,"minecraft:dark_oak_fence":3,"minecraft:spruce_stairs":12,"minecraft:smooth_red_sandstone":10,"minecraft:sandstone_slab":150,"minecraft:gold_block":14,"minecraft:white_concrete":24,"minecraft:blue_concrete":65,"minecraft:enchanted_golden_apple":1,"minecraft:dark_prismarine_stairs":2,"minecraft:red_sandstone_stairs":2},"minecraft:picked_up":{"minecraft:ladder":2,"minecraft:farmland":1,"minecraft:stone_button":1,"minecraft:redstone":3},"minecraft:dropped":{"minecraft:redstone":2},"minecraft:custom":{"minecraft:time_since_rest":43415,"minecraft:sprint_one_cm":58242,"minecraft:damage_taken":460,"minecraft:walk_one_cm":59787,"minecraft:drop":2,"minecraft:talked_to_villager":20,"minecraft:fly_one_cm":1565100,"minecraft:play_one_minute":223675,"minecraft:crouch_one_cm":1748,"minecraft:deaths":1,"minecraft:bell_ring":9,"minecraft:sneak_time":6593,"minecraft:walk_under_water_one_cm":583,"minecraft:jump":359,"minecraft:leave_game":7,"minecraft:time_since_death":43370,"minecraft:walk_on_water_one_cm":3256,"minecraft:climb_one_cm":223,"minecraft:fall_one_cm":5621}},"DataVersion":1976}