{"stats":{"minecraft:mined":{"minecraft:red_bed":2},"minecraft:custom":{"minecraft:open_barrel":1,"minecraft:fill_cauldron":25,"minecraft:open_shulker_box":1,"minecraft:leave_game":50,"minecraft:time_since_death":26063,"minecraft:climb_one_cm":4586,"minecraft:sprint_one_cm":320789,"minecraft:walk_one_cm":1543665,"minecraft:drop":2,"minecraft:walk_under_water_one_cm":2051,"minecraft:deaths":11,"minecraft:sneak_time":39258,"minecraft:jump":1300,"minecraft:interact_with_blast_furnace":3,"minecraft:walk_on_water_one_cm":21514,"minecraft:interact_with_furnace":1,"minecraft:play_one_minute":2741707,"minecraft:pot_flower":14,"minecraft:time_since_rest":26083,"minecraft:damage_taken":7140,"minecraft:minecart_one_cm":537204,"minecraft:damage_dealt":30,"minecraft:interact_with_beacon":3,"minecraft:fly_one_cm":9647463,"minecraft:open_chest":14,"minecraft:crouch_one_cm":41235,"minecraft:fall_one_cm":73917},"minecraft:used":{"minecraft:nether_brick_fence":28,"minecraft:light_blue_stained_glass_pane":60,"minecraft:jungle_leaves":23,"minecraft:iron_bars":208,"minecraft:acacia_log":57,"minecraft:orange_concrete":174,"minecraft:smooth_quartz_slab":961,"minecraft:red_concrete":1439,"minecraft:spruce_slab":1221,"minecraft:redstone":67,"minecraft:ladder":137,"minecraft:light_gray_carpet":8,"minecraft:oak_sign":34,"minecraft:black_carpet":9,"minecraft:spruce_planks":1302,"minecraft:chest":92,"minecraft:white_terracotta":3,"minecraft:stone":1244,"minecraft:brown_concrete":2422,"minecraft:red_nether_brick_stairs":203,"minecraft:quartz_stairs":52,"minecraft:mossy_stone_brick_slab":312,"minecraft:player_head":1,"minecraft:smooth_sandstone_stairs":1,"minecraft:green_terracotta":497,"minecraft:netherrack":6,"minecraft:oak_door":6,"minecraft:spruce_leaves":28,"minecraft:torch":51,"minecraft:brewing_stand":2,"minecraft:dirt":320,"minecraft:anvil":2,"minecraft:red_nether_brick_slab":212,"minecraft:white_carpet":43,"minecraft:hopper":3,"minecraft:blue_stained_glass":12,"minecraft:brick_slab":34,"minecraft:jungle_planks":301,"minecraft:spruce_stairs":1200,"minecraft:cobblestone_wall":31,"minecraft:jungle_slab":571,"minecraft:stone_stairs":230,"minecraft:yellow_carpet":309,"minecraft:oak_wood":61,"minecraft:pink_carpet":9,"minecraft:blue_concrete":929,"minecraft:spruce_fence":328,"minecraft:granite":20,"minecraft:dead_brain_coral_block":4,"minecraft:light_blue_stained_glass":21,"minecraft:nether_brick_stairs":67,"minecraft:obsidian":162,"minecraft:purple_banner":8,"minecraft:shroomlight":34,"minecraft:mossy_cobblestone_stairs":5,"minecraft:glass":11,"minecraft:brown_terracotta":43,"minecraft:dark_oak_planks":74,"minecraft:packed_ice":108,"minecraft:cyan_terracotta":14,"minecraft:bricks":66,"minecraft:coal_ore":1,"minecraft:bookshelf":4,"minecraft:quartz_pillar":11,"minecraft:iron_block":526,"minecraft:red_wool":218,"minecraft:spruce_wood":340,"minecraft:black_stained_glass_pane":3,"minecraft:quartz_slab":209,"minecraft:yellow_stained_glass":243,"minecraft:lantern":38,"minecraft:grass_block":1317,"minecraft:oak_stairs":24,"minecraft:brick_stairs":118,"minecraft:smooth_sandstone":1940,"minecraft:acacia_slab":59,"minecraft:quartz_block":73,"minecraft:dark_oak_slab":58,"minecraft:mossy_cobblestone_slab":131,"minecraft:smooth_quartz":1165,"minecraft:diorite_wall":32,"minecraft:stone_brick_stairs":36,"minecraft:stone_bricks":145,"minecraft:item_frame":23,"minecraft:repeater":15,"minecraft:tripwire_hook":2,"minecraft:purple_concrete":227,"minecraft:glowstone":119,"minecraft:red_carpet":11,"minecraft:redstone_lamp":39,"minecraft:infested_mossy_stone_bricks":475,"minecraft:snow":184,"minecraft:brown_carpet":15,"minecraft:black_stained_glass":87,"minecraft:magenta_terracotta":146,"minecraft:hay_block":500,"minecraft:emerald_block":3,"minecraft:iron_trapdoor":65,"minecraft:soul_soil":2,"minecraft:furnace":4,"minecraft:white_stained_glass_pane":564,"minecraft:podzol":42,"minecraft:acacia_wood":4,"minecraft:gold_block":220,"minecraft:skeleton_skull":1,"minecraft:trapped_chest":5,"minecraft:gray_banner":1,"minecraft:acacia_planks":82,"minecraft:dark_oak_stairs":57,"minecraft:mossy_stone_bricks":652,"minecraft:water_bucket":27,"minecraft:spruce_door":2,"minecraft:snow_block":7129,"minecraft:birch_planks":286,"minecraft:red_nether_bricks":76,"minecraft:gray_carpet":21,"minecraft:powered_rail":1,"minecraft:prismarine":67,"minecraft:jungle_fence":318,"minecraft:oak_planks":345,"minecraft:blackstone":482,"minecraft:mossy_stone_brick_stairs":344,"minecraft:sandstone":190,"minecraft:black_shulker_box":4,"minecraft:redstone_block":16,"minecraft:cauldron":42,"minecraft:beacon":3,"minecraft:clay":108,"minecraft:spruce_fence_gate":22,"minecraft:polished_blackstone_bricks":17,"minecraft:cracked_stone_bricks":3,"minecraft:smooth_quartz_stairs":981,"minecraft:white_wool":7,"minecraft:jungle_wood":16,"minecraft:mossy_cobblestone":211,"minecraft:dark_oak_trapdoor":6,"minecraft:diamond_block":567,"minecraft:sand":121,"minecraft:orange_carpet":28,"minecraft:purpur_stairs":105,"minecraft:stripped_dark_oak_log":1,"minecraft:yellow_terracotta":6,"minecraft:light_blue_concrete":17,"minecraft:oak_slab":79,"minecraft:crafting_table":6,"minecraft:red_bed":5,"minecraft:blast_furnace":3,"minecraft:yellow_concrete":147,"minecraft:blue_ice":163,"minecraft:campfire":1,"minecraft:chiseled_quartz_block":7,"minecraft:stone_brick_wall":10,"minecraft:gray_concrete":88,"minecraft:painting":52,"minecraft:black_concrete_powder":10,"minecraft:spruce_log":1694,"minecraft:cyan_stained_glass":28,"minecraft:birch_fence":221,"minecraft:redstone_torch":18,"minecraft:oak_log":26,"minecraft:blue_stained_glass_pane":51,"minecraft:piston":130,"minecraft:lever":10,"minecraft:flower_pot":24,"minecraft:black_concrete":264,"minecraft:black_wool":25,"minecraft:birch_fence_gate":17,"minecraft:daylight_detector":15,"minecraft:dark_oak_log":106,"minecraft:light_gray_concrete":53,"minecraft:gray_stained_glass_pane":12,"minecraft:birch_slab":12,"minecraft:zombie_head":2,"minecraft:heavy_weighted_pressure_plate":6,"minecraft:stone_button":43,"minecraft:spruce_pressure_plate":6,"minecraft:detector_rail":1,"minecraft:jungle_stairs":384,"minecraft:stone_slab":567,"minecraft:red_terracotta":215,"minecraft:spruce_trapdoor":67,"minecraft:iron_door":2,"minecraft:gravel":97,"minecraft:acacia_fence_gate":1,"minecraft:green_carpet":10,"minecraft:chiseled_stone_bricks":16,"minecraft:nether_wart_block":2,"minecraft:coal_block":42,"minecraft:fire_charge":2,"minecraft:cobblestone":325,"minecraft:white_banner":1,"minecraft:white_stained_glass":45,"minecraft:sandstone_slab":6,"minecraft:smooth_stone_slab":311,"minecraft:glass_pane":156,"minecraft:andesite":931,"minecraft:chain":7,"minecraft:grass_path":159,"minecraft:mossy_cobblestone_wall":53,"minecraft:ice":232,"minecraft:white_concrete":1981,"minecraft:coarse_dirt":683,"minecraft:purple_carpet":53,"minecraft:jukebox":1,"minecraft:birch_stairs":4,"minecraft:cobweb":49},"minecraft:dropped":{"minecraft:smooth_sandstone":1,"minecraft:mossy_stone_brick_slab":1},"minecraft:killed_by":{"minecraft:slime":2},"minecraft:picked_up":{"minecraft:ladder":1,"minecraft:purple_banner":1,"minecraft:black_shulker_box":4,"minecraft:oak_door":1,"minecraft:lantern":6,"minecraft:purple_carpet":1,"minecraft:mossy_stone_brick_slab":1}},"DataVersion":2584}