{"stats":{"minecraft:custom":{"minecraft:time_since_rest":153436,"minecraft:sprint_one_cm":46643,"minecraft:damage_taken":237,"minecraft:walk_one_cm":163628,"minecraft:fly_one_cm":1827872,"minecraft:play_one_minute":153436,"minecraft:crouch_one_cm":5457,"minecraft:sneak_time":9396,"minecraft:walk_under_water_one_cm":287,"minecraft:pot_flower":1,"minecraft:jump":309,"minecraft:leave_game":4,"minecraft:time_since_death":153436,"minecraft:walk_on_water_one_cm":1599,"minecraft:climb_one_cm":1016,"minecraft:fall_one_cm":2868},"minecraft:used":{"minecraft:oak_fence":6,"minecraft:light_blue_stained_glass_pane":2,"minecraft:flower_pot":1,"minecraft:dark_oak_stairs":24,"minecraft:dark_prismarine":5,"minecraft:water_bucket":92,"minecraft:tube_coral_fan":3,"minecraft:bricks":2,"minecraft:stripped_dark_oak_wood":47,"minecraft:brain_coral_fan":1,"minecraft:stripped_acacia_log":28,"minecraft:spruce_wood":33,"minecraft:red_stained_glass":12,"minecraft:red_concrete":31,"minecraft:lantern":10,"minecraft:grass_block":1506,"minecraft:spruce_slab":260,"minecraft:acacia_trapdoor":9,"minecraft:red_nether_bricks":1,"minecraft:smooth_sandstone":287,"minecraft:bubble_coral_fan":1,"minecraft:brown_concrete":3,"minecraft:spruce_planks":23,"minecraft:red_terracotta":152,"minecraft:dark_oak_slab":232,"minecraft:stone":312,"minecraft:spruce_trapdoor":3,"minecraft:red_nether_brick_stairs":172,"minecraft:spruce_sapling":15,"minecraft:gravel":34,"minecraft:bubble_coral":3,"minecraft:stone_bricks":37,"minecraft:tube_coral":2,"minecraft:smooth_quartz_stairs":42,"minecraft:brain_coral":2,"minecraft:diamond_block":15,"minecraft:glowstone":9,"minecraft:red_nether_brick_slab":113,"minecraft:cobblestone":29,"minecraft:snow":1,"minecraft:horn_coral":1,"minecraft:hay_block":27,"minecraft:dark_prismarine_slab":341,"minecraft:red_concrete_powder":1,"minecraft:stripped_oak_wood":5,"minecraft:podzol":5,"minecraft:spruce_stairs":66,"minecraft:white_stained_glass":26,"minecraft:red_banner":33,"minecraft:acacia_fence":13,"minecraft:gold_block":32,"minecraft:jungle_trapdoor":18,"minecraft:fire_coral_fan":2,"minecraft:tropical_fish_bucket":14,"minecraft:fire_coral":4,"minecraft:acacia_button":8,"minecraft:white_concrete":96,"minecraft:spruce_fence":91,"minecraft:bone_meal":49,"minecraft:spruce_log":209,"minecraft:dark_prismarine_stairs":55,"minecraft:horn_coral_fan":1},"minecraft:picked_up":{"minecraft:music_disc_mellohi":1,"minecraft:music_disc_11":1,"minecraft:music_disc_mall":2,"minecraft:music_disc_ward":1,"minecraft:music_disc_far":1,"minecraft:music_disc_wait":1,"minecraft:red_concrete":1}},"DataVersion":2584}