{"stats":{"minecraft:used":{"minecraft:wheat_seeds":1,"minecraft:trident":49,"minecraft:diamond_hoe":1,"minecraft:sign":1},"minecraft:mined":{"minecraft:grass":1},"minecraft:custom":{"minecraft:open_chest":3,"minecraft:time_since_rest":28662,"minecraft:play_one_minute":61801,"minecraft:crouch_one_cm":1287,"minecraft:sprint_one_cm":76769,"minecraft:walk_one_cm":61885,"minecraft:damage_taken":1230,"minecraft:deaths":4,"minecraft:sneak_time":1478,"minecraft:walk_under_water_one_cm":27381,"minecraft:jump":995,"minecraft:leave_game":2,"minecraft:walk_on_water_one_cm":24985,"minecraft:time_since_death":28635,"minecraft:climb_one_cm":2349,"minecraft:swim_one_cm":27075,"minecraft:fall_one_cm":35645,"minecraft:fly_one_cm":1695498,"minecraft:inspect_dispenser":2},"minecraft:picked_up":{"minecraft:wheat_seeds":2,"minecraft:trident":1}},"DataVersion":1631}