{"stats":{"minecraft:picked_up":{"minecraft:scaffolding":80,"minecraft:sandstone":15,"minecraft:feather":66,"minecraft:emerald_block":2,"minecraft:ladder":6,"minecraft:brown_mushroom":1,"minecraft:music_disc_mellohi":3,"minecraft:oak_pressure_plate":1,"minecraft:sand":3,"minecraft:dead_bush":11,"minecraft:jungle_leaves":1,"minecraft:compass":1,"minecraft:rotten_flesh":70,"minecraft:oak_sign":1,"minecraft:spruce_button":2,"minecraft:red_concrete":1,"minecraft:cobblestone":10,"minecraft:egg":3},"minecraft:killed":{"minecraft:parrot":2,"minecraft:chicken":7},"minecraft:mined":{"minecraft:sand":3},"minecraft:dropped":{"minecraft:red_concrete":1,"minecraft:emerald_block":1,"minecraft:brown_mushroom":1,"minecraft:spruce_button":1},"minecraft:used":{"minecraft:packed_ice":3,"minecraft:oak_log":42,"minecraft:jungle_leaves":17,"minecraft:wooden_axe":1,"minecraft:sea_lantern":1,"minecraft:black_concrete":182,"minecraft:iron_bars":24,"minecraft:command_block":2,"minecraft:red_wool":144,"minecraft:snow_block":3,"minecraft:red_concrete":91,"minecraft:grass_block":14,"minecraft:spruce_button":1,"minecraft:oak_planks":312,"minecraft:oak_sign":2,"minecraft:stone":30,"minecraft:redstone_block":5,"minecraft:grass":2,"minecraft:player_head":17,"minecraft:white_wool":45,"minecraft:diamond_sword":7,"minecraft:potion":4,"minecraft:tnt":4,"minecraft:emerald_block":1,"minecraft:scaffolding":157,"minecraft:white_stained_glass":67,"minecraft:yellow_concrete":4,"minecraft:egg":47,"minecraft:gray_concrete":210,"minecraft:white_concrete":71,"minecraft:gray_wool":53,"minecraft:blue_concrete":7},"minecraft:custom":{"minecraft:time_since_rest":99809,"minecraft:damage_taken":4330,"minecraft:sprint_one_cm":701105,"minecraft:walk_one_cm":837793,"minecraft:mob_kills":9,"minecraft:drop":4,"minecraft:minecart_one_cm":533417,"minecraft:damage_dealt":516,"minecraft:interact_with_crafting_table":1,"minecraft:tune_noteblock":80,"minecraft:fly_one_cm":5839009,"minecraft:open_chest":6,"minecraft:crouch_one_cm":10684,"minecraft:play_one_minute":1003103,"minecraft:deaths":17,"minecraft:sneak_time":24905,"minecraft:walk_under_water_one_cm":1546,"minecraft:boat_one_cm":244713,"minecraft:jump":3191,"minecraft:leave_game":24,"minecraft:walk_on_water_one_cm":11549,"minecraft:time_since_death":99671,"minecraft:climb_one_cm":12800,"minecraft:fall_one_cm":43946}},"DataVersion":1976}