{"stats":{"minecraft:custom":{"minecraft:time_since_rest":39863,"minecraft:crouch_one_cm":6685,"minecraft:play_one_minute":39863,"minecraft:sprint_one_cm":244882,"minecraft:damage_taken":230,"minecraft:walk_one_cm":161125,"minecraft:sneak_time":1473,"minecraft:drop":1,"minecraft:aviate_one_cm":334020,"minecraft:jump":234,"minecraft:leave_game":4,"minecraft:time_since_death":39863,"minecraft:fly_one_cm":369467,"minecraft:fall_one_cm":3280},"minecraft:used":{"minecraft:diamond_block":31,"minecraft:firework_rocket":1,"minecraft:stripped_birch_log":6,"minecraft:grass_block":1,"minecraft:dark_oak_sign":1,"minecraft:oak_sign":8,"minecraft:white_concrete":13,"minecraft:cut_sandstone":25,"minecraft:pink_wool":26},"minecraft:picked_up":{"minecraft:wooden_axe":1},"minecraft:dropped":{"minecraft:wooden_axe":1}},"DataVersion":1976}