{"stats":{"minecraft:killed":{"minecraft:shulker":2,"minecraft:chicken":32,"minecraft:skeleton_horse":1,"minecraft:zombie":6,"minecraft:ghast":2,"minecraft:cow":8,"minecraft:slime":8,"minecraft:llama":19,"minecraft:rabbit":1,"minecraft:squid":7,"minecraft:wither_skeleton":15,"minecraft:villager":8},"minecraft:dropped":{"minecraft:repeating_command_block":6,"minecraft:brown_mushroom":4,"minecraft:nether_star":78,"minecraft:elytra":1,"minecraft:carrot_on_a_stick":3,"minecraft:emerald":78,"minecraft:dirt":2,"minecraft:stone_button":1,"minecraft:compass":23,"minecraft:emerald_block":8,"minecraft:rotten_flesh":77,"minecraft:chain_command_block":6,"minecraft:green_stained_glass":1,"minecraft:firework_rocket":64,"minecraft:water_bucket":9,"minecraft:yellow_concrete":1,"minecraft:yellow_terracotta":1,"minecraft:feather":9,"minecraft:barrier":2,"minecraft:command_block":9,"minecraft:stick":1,"minecraft:light_blue_stained_glass":1,"minecraft:torch":2,"minecraft:repeater":3,"minecraft:wooden_axe":5,"minecraft:dead_bush":23,"minecraft:redstone":1,"minecraft:player_head":127,"minecraft:cobblestone_wall":10,"minecraft:chicken":1,"minecraft:oak_sign":5,"minecraft:snow":1,"minecraft:stone":1,"minecraft:diamond_chestplate":1,"minecraft:bow":1},"minecraft:picked_up":{"minecraft:shulker_shell":3,"minecraft:wheat":1,"minecraft:lead":1,"minecraft:birch_button":4,"minecraft:sticky_piston":28,"minecraft:oak_sign":7,"minecraft:redstone_torch":1,"minecraft:smooth_quartz":1,"minecraft:orange_shulker_box":3,"minecraft:stone_sword":3,"minecraft:command_block":9,"minecraft:end_rod":1,"minecraft:barrier":3,"minecraft:feather":33,"minecraft:repeater":3,"minecraft:iron_door":2,"minecraft:water_bucket":3,"minecraft:flint":2,"minecraft:wither_skeleton_skull":1,"minecraft:bone":14,"minecraft:wheat_seeds":2,"minecraft:light_blue_dye":1,"minecraft:rabbit":15,"minecraft:powered_rail":12,"minecraft:oak_planks":1,"minecraft:ghast_tear":1,"minecraft:ink_sac":15,"minecraft:lever":2,"minecraft:emerald":162,"minecraft:nether_star":55,"minecraft:chicken":29,"minecraft:brown_mushroom":2,"minecraft:cooked_rabbit":82,"minecraft:compass":17,"minecraft:item_frame":181,"minecraft:white_carpet":6,"minecraft:cyan_carpet":13,"minecraft:detector_rail":1,"minecraft:beef":18,"minecraft:player_head":63,"minecraft:minecart":1,"minecraft:egg":2,"minecraft:lime_shulker_box":2,"minecraft:red_stained_glass_pane":172,"minecraft:music_disc_mellohi":2,"minecraft:stone_button":12,"minecraft:magenta_shulker_box":1,"minecraft:redstone":8,"minecraft:repeating_command_block":7,"minecraft:red_shulker_box":12,"minecraft:diamond_chestplate":1,"minecraft:saddle":1,"minecraft:rail":12,"minecraft:yellow_shulker_box":4,"minecraft:dark_oak_button":1,"minecraft:leather":40,"minecraft:carrot_on_a_stick":3,"minecraft:cobblestone_wall":16,"minecraft:gunpowder":6,"minecraft:white_banner":4,"minecraft:gray_carpet":7,"minecraft:rabbit_hide":86,"minecraft:scaffolding":3,"minecraft:chain_command_block":6,"minecraft:emerald_block":7,"minecraft:gravel":63,"minecraft:lime_dye":1,"minecraft:slime_ball":13,"minecraft:light_blue_carpet":17,"minecraft:birch_sign":2,"minecraft:coal":7,"minecraft:red_concrete":1,"minecraft:wooden_axe":6},"minecraft:mined":{"minecraft:cobblestone_wall":9,"minecraft:ice":1,"minecraft:birch_leaves":1,"minecraft:gravel":65},"minecraft:custom":{"minecraft:interact_with_crafting_table":9,"minecraft:open_barrel":9,"minecraft:open_shulker_box":2,"minecraft:leave_game":88,"minecraft:time_since_death":522931,"minecraft:sprint_one_cm":1664961,"minecraft:drop":360,"minecraft:talked_to_villager":2,"minecraft:deaths":36,"minecraft:jump":12942,"minecraft:walk_on_water_one_cm":24475,"minecraft:interact_with_furnace":1,"minecraft:play_record":6,"minecraft:play_one_minute":5090558,"minecraft:interact_with_loom":3,"minecraft:damage_dealt":10594,"minecraft:interact_with_beacon":1,"minecraft:crouch_one_cm":227913,"minecraft:interact_with_smoker":4,"minecraft:horse_one_cm":30192,"minecraft:inspect_dispenser":1,"minecraft:mob_kills":112,"minecraft:fill_cauldron":3,"minecraft:climb_one_cm":17847,"minecraft:walk_one_cm":2596831,"minecraft:sneak_time":129339,"minecraft:walk_under_water_one_cm":50769,"minecraft:boat_one_cm":222684,"minecraft:interact_with_blast_furnace":1,"minecraft:pot_flower":1,"minecraft:time_since_rest":522962,"minecraft:damage_taken":12313,"minecraft:minecart_one_cm":1281912,"minecraft:swim_one_cm":48069,"minecraft:fly_one_cm":20278654,"minecraft:open_chest":55,"minecraft:aviate_one_cm":238294,"minecraft:fall_one_cm":133668},"minecraft:used":{"minecraft:nether_brick_fence":37,"minecraft:light_blue_stained_glass_pane":1,"minecraft:iron_shovel":65,"minecraft:cut_red_sandstone_slab":23,"minecraft:smooth_quartz_slab":412,"minecraft:spruce_slab":22,"minecraft:dispenser":1,"minecraft:carrot_on_a_stick":154,"minecraft:ladder":24,"minecraft:oak_sign":144,"minecraft:black_carpet":4,"minecraft:chest":23,"minecraft:white_terracotta":250,"minecraft:stone":837,"minecraft:quartz_stairs":96,"minecraft:player_head":21,"minecraft:smooth_sandstone_stairs":61,"minecraft:farmland":25,"minecraft:green_terracotta":156,"minecraft:spruce_leaves":10,"minecraft:debug_stick":400,"minecraft:soul_sand":1,"minecraft:blue_stained_glass":16,"minecraft:brick_slab":13,"minecraft:nether_bricks":133,"minecraft:azure_bluet":3,"minecraft:obsidian":57,"minecraft:glass":102,"minecraft:packed_ice":1,"minecraft:cyan_terracotta":184,"minecraft:lava_bucket":558,"minecraft:bricks":357,"minecraft:coal_ore":8,"minecraft:quartz_pillar":119,"minecraft:villager_spawn_egg":4,"minecraft:quartz_slab":24,"minecraft:red_wool":14,"minecraft:black_stained_glass_pane":81,"minecraft:lantern":24,"minecraft:grass_block":334,"minecraft:polished_andesite_stairs":31,"minecraft:quartz_block":148,"minecraft:dark_oak_slab":63,"minecraft:dark_oak_button":16,"minecraft:diorite_wall":10,"minecraft:stone_brick_stairs":59,"minecraft:stone_bricks":233,"minecraft:item_frame":52,"minecraft:bedrock":3,"minecraft:birch_button":9,"minecraft:birch_trapdoor":53,"minecraft:red_carpet":6,"minecraft:repeater":165,"minecraft:red_stained_glass_pane":1,"minecraft:redstone_lamp":126,"minecraft:snow":2,"minecraft:bow":43,"minecraft:hay_block":10,"minecraft:scaffolding":16,"minecraft:furnace":18,"minecraft:polished_diorite_stairs":15,"minecraft:egg":19,"minecraft:dark_prismarine_stairs":4,"minecraft:magenta_shulker_box":1,"minecraft:dark_oak_stairs":22,"minecraft:mossy_stone_bricks":9,"minecraft:end_rod":5,"minecraft:cow_spawn_egg":1,"minecraft:dropper":2,"minecraft:gray_carpet":53,"minecraft:powered_rail":70,"minecraft:jungle_fence":2,"minecraft:oak_planks":23,"minecraft:cactus":3,"minecraft:sandstone":94,"minecraft:redstone_block":82,"minecraft:oak_leaves":74,"minecraft:smooth_quartz_stairs":292,"minecraft:white_wool":20,"minecraft:dark_oak_trapdoor":39,"minecraft:purpur_stairs":2,"minecraft:sand":29,"minecraft:yellow_terracotta":66,"minecraft:light_blue_concrete":21,"minecraft:loom":1,"minecraft:yellow_concrete":298,"minecraft:chiseled_quartz_block":7,"minecraft:note_block":1,"minecraft:stone_brick_wall":434,"minecraft:gray_concrete":51,"minecraft:birch_fence":6,"minecraft:redstone_torch":59,"minecraft:black_terracotta":146,"minecraft:sticky_piston":54,"minecraft:lever":39,"minecraft:green_concrete":13,"minecraft:black_concrete":425,"minecraft:firework_rocket":1,"minecraft:birch_fence_gate":1,"minecraft:daylight_detector":108,"minecraft:gray_stained_glass_pane":68,"minecraft:lime_carpet":22,"minecraft:light_gray_concrete":237,"minecraft:heavy_weighted_pressure_plate":22,"minecraft:stone_button":100,"minecraft:string":19,"minecraft:barrier":166,"minecraft:cyan_carpet":2,"minecraft:red_terracotta":53,"minecraft:polished_granite":3,"minecraft:oak_pressure_plate":1,"minecraft:diamond_ore":17,"minecraft:iron_door":25,"minecraft:gravel":115,"minecraft:polished_andesite_slab":53,"minecraft:smooth_red_sandstone_slab":4,"minecraft:coal_block":270,"minecraft:light_blue_concrete_powder":23,"minecraft:stripped_oak_wood":32,"minecraft:dark_oak_fence":12,"minecraft:white_stained_glass":280,"minecraft:andesite":56,"minecraft:smooth_stone_slab":441,"minecraft:ice":2,"minecraft:white_concrete":346,"minecraft:coarse_dirt":5,"minecraft:cobweb":48,"minecraft:diorite_slab":4,"minecraft:gray_stained_glass":20,"minecraft:oak_fence":28,"minecraft:oak_trapdoor":31,"minecraft:jungle_leaves":22,"minecraft:iron_bars":274,"minecraft:orange_concrete":4,"minecraft:armor_stand":23,"minecraft:red_concrete":68,"minecraft:redstone":210,"minecraft:light_gray_carpet":3,"minecraft:light_blue_terracotta":25,"minecraft:spruce_planks":36,"minecraft:sandstone_wall":8,"minecraft:oak_door":5,"minecraft:torch":41,"minecraft:brewing_stand":1,"minecraft:dirt":212,"minecraft:anvil":11,"minecraft:white_carpet":52,"minecraft:hopper":4,"minecraft:spruce_stairs":8,"minecraft:cobblestone_wall":8,"minecraft:nether_brick_slab":24,"minecraft:oak_wood":9,"minecraft:spruce_fence":140,"minecraft:blue_concrete":4,"minecraft:light_blue_stained_glass":22,"minecraft:nether_brick_stairs":4,"minecraft:oak_fence_gate":4,"minecraft:polished_diorite":56,"minecraft:andesite_wall":1,"minecraft:music_disc_mellohi":6,"minecraft:dark_oak_planks":80,"minecraft:stone_brick_slab":44,"minecraft:red_shulker_box":1,"minecraft:wooden_axe":254,"minecraft:sea_lantern":435,"minecraft:bookshelf":101,"minecraft:light_gray_stained_glass":15,"minecraft:iron_block":300,"minecraft:oak_stairs":9,"minecraft:slime_block":76,"minecraft:smooth_sandstone":94,"minecraft:jungle_log":1,"minecraft:smooth_quartz":293,"minecraft:light_gray_wool":2,"minecraft:tripwire_hook":1,"minecraft:glowstone":28,"minecraft:lime_concrete":16,"minecraft:black_stained_glass":6,"minecraft:emerald_block":85,"minecraft:gray_glazed_terracotta":51,"minecraft:iron_trapdoor":636,"minecraft:dark_oak_pressure_plate":4,"minecraft:white_stained_glass_pane":37,"minecraft:podzol":3,"minecraft:minecart":84,"minecraft:observer":10,"minecraft:water_bucket":12,"minecraft:nether_brick_wall":4,"minecraft:cobblestone_stairs":5,"minecraft:sandstone_stairs":4,"minecraft:prismarine_brick_slab":1,"minecraft:snow_block":4,"minecraft:birch_planks":27,"minecraft:lead":4,"minecraft:polished_andesite":304,"minecraft:andesite_slab":92,"minecraft:smooth_sandstone_slab":572,"minecraft:cauldron":3,"minecraft:spruce_sign":3,"minecraft:magenta_stained_glass":9,"minecraft:beacon":1,"minecraft:red_glazed_terracotta":3,"minecraft:gold_ore":5,"minecraft:mossy_cobblestone":3,"minecraft:diamond_block":6,"minecraft:vine":50,"minecraft:rail":350,"minecraft:lime_terracotta":33,"minecraft:comparator":8,"minecraft:crafting_table":8,"minecraft:birch_sign":16,"minecraft:yellow_stained_glass_pane":1,"minecraft:campfire":6,"minecraft:dark_oak_fence_gate":1,"minecraft:painting":37,"minecraft:infested_stone_bricks":152,"minecraft:smooth_red_sandstone_stairs":62,"minecraft:spruce_log":17,"minecraft:dark_oak_door":2,"minecraft:cyan_stained_glass":8,"minecraft:purple_stained_glass":8,"minecraft:oak_log":67,"minecraft:gray_terracotta":36,"minecraft:piston":9,"minecraft:flower_pot":3,"minecraft:acacia_sign":2,"minecraft:command_block":361,"minecraft:oak_button":2,"minecraft:iron_pickaxe":9,"minecraft:map":1,"minecraft:spruce_pressure_plate":4,"minecraft:detector_rail":5,"minecraft:magenta_concrete":1,"minecraft:spruce_trapdoor":155,"minecraft:cobblestone":110,"minecraft:white_banner":31,"minecraft:glass_pane":38,"minecraft:bucket":4,"minecraft:sandstone_slab":4,"minecraft:andesite_stairs":7,"minecraft:chain_command_block":326,"minecraft:grass_path":3,"minecraft:repeating_command_block":145,"minecraft:smooth_stone":389,"minecraft:jukebox":8,"minecraft:splash_potion":213,"minecraft:birch_stairs":16,"minecraft:green_stained_glass":11},"minecraft:crafted":{"minecraft:emerald_block":4}},"DataVersion":2230}