{"stats":{"minecraft:crafted":{"minecraft:emerald_block":1},"minecraft:used":{"minecraft:zombie_horse_spawn_egg":1,"minecraft:diamond_sword":3,"minecraft:bow":46,"minecraft:written_book":1,"minecraft:command_block":4,"minecraft:horse_spawn_egg":2},"minecraft:dropped":{"minecraft:bow":1,"minecraft:nether_star":3},"minecraft:custom":{"minecraft:open_chest":6,"minecraft:time_since_rest":46808,"minecraft:play_one_minute":46808,"minecraft:crouch_one_cm":1483,"minecraft:sprint_one_cm":22453,"minecraft:walk_one_cm":24686,"minecraft:sneak_time":1317,"minecraft:walk_under_water_one_cm":4029,"minecraft:mob_kills":1,"minecraft:drop":4,"minecraft:jump":89,"minecraft:damage_dealt":150,"minecraft:leave_game":5,"minecraft:time_since_death":46808,"minecraft:walk_on_water_one_cm":1079,"minecraft:climb_one_cm":33,"minecraft:swim_one_cm":27096,"minecraft:interact_with_crafting_table":1,"minecraft:fly_one_cm":934932,"minecraft:horse_one_cm":572416},"minecraft:picked_up":{"minecraft:rotten_flesh":2,"minecraft:bow":1,"minecraft:emerald":9},"minecraft:killed":{"minecraft:zombie_horse":1}},"DataVersion":1631}