{"stats":{"minecraft:picked_up":{"minecraft:elytra":1,"minecraft:stone_bricks":1,"minecraft:scaffolding":30,"minecraft:white_concrete":1},"minecraft:custom":{"minecraft:interact_with_furnace":2,"minecraft:play_one_minute":1430869,"minecraft:leave_game":33,"minecraft:time_since_death":11670,"minecraft:climb_one_cm":371,"minecraft:time_since_rest":11690,"minecraft:sprint_one_cm":422244,"minecraft:damage_taken":2115422576,"minecraft:walk_one_cm":365322,"minecraft:drop":2,"minecraft:fly_one_cm":8807760,"minecraft:open_chest":2,"minecraft:crouch_one_cm":33512,"minecraft:deaths":21,"minecraft:sneak_time":50333,"minecraft:aviate_one_cm":354175,"minecraft:jump":2945,"minecraft:walk_on_water_one_cm":74,"minecraft:fall_one_cm":53254},"minecraft:dropped":{"minecraft:white_concrete":1,"minecraft:stone_bricks":1},"minecraft:used":{"minecraft:oak_trapdoor":27,"minecraft:oak_fence":10,"minecraft:dark_oak_stairs":7,"minecraft:birch_leaves":87,"minecraft:dead_brain_coral":6,"minecraft:bone_block":76,"minecraft:blue_terracotta":179,"minecraft:diorite":3,"minecraft:end_rod":20,"minecraft:iron_bars":160,"minecraft:end_stone_bricks":3,"minecraft:iron_ore":17,"minecraft:wither_skeleton_skull":2,"minecraft:cobblestone_stairs":6,"minecraft:dead_tube_coral_block":3,"minecraft:acacia_log":6,"minecraft:light_gray_stained_glass_pane":9,"minecraft:dead_horn_coral_block":2,"minecraft:snow_block":980,"minecraft:dark_oak_sign":11,"minecraft:carved_pumpkin":1,"minecraft:smooth_quartz_slab":94,"minecraft:birch_planks":68,"minecraft:gray_carpet":8,"minecraft:red_concrete":389,"minecraft:spruce_slab":208,"minecraft:carrot_on_a_stick":32,"minecraft:polished_andesite":693,"minecraft:prismarine":7,"minecraft:lime_wool":18,"minecraft:oak_planks":33,"minecraft:oak_sign":2,"minecraft:blue_wool":18,"minecraft:white_concrete_powder":5,"minecraft:spruce_planks":82,"minecraft:white_terracotta":18,"minecraft:sandstone":286,"minecraft:stone":5883,"minecraft:redstone_block":1,"minecraft:stripped_jungle_wood":50,"minecraft:spruce_sign":1,"minecraft:clay":171,"minecraft:stripped_birch_wood":36,"minecraft:quartz_stairs":13,"minecraft:stonecutter":1,"minecraft:red_glazed_terracotta":36,"minecraft:player_head":5,"minecraft:debug_stick":42,"minecraft:green_terracotta":187,"minecraft:smooth_quartz_stairs":28,"minecraft:oak_leaves":300,"minecraft:spruce_leaves":76,"minecraft:white_wool":87,"minecraft:torch":1,"minecraft:chiseled_red_sandstone":1,"minecraft:diamond_block":565,"minecraft:soul_sand":187,"minecraft:dirt":139,"minecraft:lime_terracotta":23,"minecraft:terracotta":18,"minecraft:yellow_terracotta":206,"minecraft:light_blue_concrete":13,"minecraft:prismarine_bricks":1,"minecraft:crafting_table":2,"minecraft:blue_stained_glass":16,"minecraft:red_bed":1,"minecraft:birch_sign":18,"minecraft:nether_brick_slab":35,"minecraft:yellow_stained_glass_pane":2,"minecraft:blue_ice":19,"minecraft:spruce_stairs":6,"minecraft:cobblestone_wall":24,"minecraft:blast_furnace":2,"minecraft:light_gray_terracotta":296,"minecraft:yellow_concrete":131,"minecraft:stone_stairs":4,"minecraft:orange_wool":23,"minecraft:yellow_carpet":6,"minecraft:light_gray_concrete_powder":13,"minecraft:chiseled_quartz_block":1269,"minecraft:gray_concrete":148,"minecraft:cyan_wool":26,"minecraft:spruce_fence":19,"minecraft:dead_brain_coral_block":453,"minecraft:blue_concrete":49,"minecraft:spruce_log":2,"minecraft:cyan_stained_glass":4,"minecraft:obsidian":230,"minecraft:birch_fence":29,"minecraft:glass":8,"minecraft:oak_log":137,"minecraft:black_terracotta":213,"minecraft:dark_prismarine":212,"minecraft:gray_terracotta":2,"minecraft:stone_brick_slab":57,"minecraft:dark_oak_planks":33,"minecraft:green_concrete":127,"minecraft:packed_ice":34,"minecraft:black_wool":18,"minecraft:cyan_terracotta":758,"minecraft:coal_ore":14,"minecraft:light_gray_stained_glass":389,"minecraft:dark_oak_log":37,"minecraft:gray_stained_glass_pane":155,"minecraft:light_gray_concrete":1455,"minecraft:red_wool":21,"minecraft:command_block":18,"minecraft:quartz_slab":74,"minecraft:lantern":11,"minecraft:grass_block":5200,"minecraft:oak_stairs":5,"minecraft:oak_button":1,"minecraft:barrier":4,"minecraft:acacia_slab":8,"minecraft:smooth_sandstone":1016,"minecraft:stone_button":2,"minecraft:green_wool":18,"minecraft:stone_slab":116,"minecraft:dark_oak_leaves":2,"minecraft:dark_oak_slab":4,"minecraft:red_terracotta":247,"minecraft:polished_granite":5,"minecraft:spruce_trapdoor":4,"minecraft:smooth_quartz":97,"minecraft:spruce_sapling":12,"minecraft:gravel":12,"minecraft:stone_bricks":1908,"minecraft:stone_brick_stairs":23,"minecraft:yellow_wool":18,"minecraft:light_gray_wool":220,"minecraft:dead_horn_coral":3,"minecraft:birch_button":2,"minecraft:tripwire_hook":3,"minecraft:coal_block":12,"minecraft:redstone_lamp":202,"minecraft:iron_trapdoor":12,"minecraft:cobblestone":320,"minecraft:snow":181,"minecraft:black_stained_glass":764,"minecraft:magenta_wool":19,"minecraft:hay_block":5,"minecraft:gray_glazed_terracotta":25,"minecraft:scaffolding":37,"minecraft:grindstone":1,"minecraft:chain_command_block":14,"minecraft:podzol":2,"minecraft:white_stained_glass":193,"minecraft:sandstone_slab":134,"minecraft:repeating_command_block":15,"minecraft:andesite":308,"minecraft:smooth_stone_slab":12,"minecraft:gold_block":1,"minecraft:ice":416,"minecraft:white_concrete":104,"minecraft:coarse_dirt":216,"minecraft:gray_wool":586,"minecraft:smooth_stone":591,"minecraft:bone_meal":34,"minecraft:purple_wool":18,"minecraft:stripped_spruce_wood":16,"minecraft:gray_stained_glass":303}},"DataVersion":2230}