{"stats":{"minecraft:dropped":{"minecraft:wooden_axe":1,"minecraft:lapis_block":2,"minecraft:emerald_block":1},"minecraft:killed":{"minecraft:slime":11,"minecraft:wandering_trader":1,"minecraft:creeper":2,"minecraft:trader_llama":2},"minecraft:picked_up":{"minecraft:wooden_axe":2,"minecraft:azure_bluet":1,"minecraft:ladder":4,"minecraft:lead":4,"minecraft:lapis_block":1,"minecraft:redstone_torch":2,"minecraft:player_head":9,"minecraft:torch":4,"minecraft:jungle_sign":1,"minecraft:command_block":1,"minecraft:black_banner":1,"minecraft:barrier":1,"minecraft:leather":2,"minecraft:gunpowder":3,"minecraft:gray_concrete":1,"minecraft:dirt":9,"minecraft:lantern":27,"minecraft:leather_boots":1,"minecraft:wheat_seeds":30,"minecraft:powered_rail":1,"minecraft:emerald_block":2,"minecraft:sweet_berries":3,"minecraft:dandelion":7,"minecraft:sand":82,"minecraft:light_gray_concrete":1,"minecraft:lime_banner":2,"minecraft:slime_ball":220},"minecraft:custom":{"minecraft:mob_kills":16,"minecraft:inspect_hopper":11,"minecraft:interact_with_crafting_table":2,"minecraft:open_barrel":8,"minecraft:bell_ring":9,"minecraft:leave_game":70,"minecraft:time_since_death":1748025,"minecraft:climb_one_cm":29808,"minecraft:sprint_one_cm":300253,"minecraft:walk_one_cm":1911423,"minecraft:drop":4,"minecraft:talked_to_villager":22,"minecraft:deaths":2,"minecraft:sneak_time":131061,"minecraft:walk_under_water_one_cm":155123,"minecraft:boat_one_cm":440575,"minecraft:interact_with_brewingstand":4,"minecraft:jump":3424,"minecraft:walk_on_water_one_cm":282817,"minecraft:interact_with_furnace":8,"minecraft:play_one_minute":3653046,"minecraft:pot_flower":19,"minecraft:interact_with_stonecutter":1,"minecraft:time_since_rest":1748056,"minecraft:damage_taken":900,"minecraft:trigger_trapped_chest":4,"minecraft:damage_dealt":1848,"minecraft:minecart_one_cm":1092972,"minecraft:interact_with_beacon":3,"minecraft:swim_one_cm":111507,"minecraft:fly_one_cm":27578784,"minecraft:open_chest":55,"minecraft:crouch_one_cm":55314,"minecraft:interact_with_smoker":1,"minecraft:fall_one_cm":8835},"minecraft:mined":{"minecraft:white_bed":5,"minecraft:yellow_bed":2,"minecraft:dirt":1},"minecraft:used":{"minecraft:trident":51,"minecraft:light_blue_banner":1,"minecraft:petrified_oak_slab":4,"minecraft:light_blue_stained_glass_pane":24,"minecraft:blue_terracotta":15,"minecraft:jungle_leaves":13,"minecraft:writable_book":2,"minecraft:iron_bars":98,"minecraft:flint_and_steel":415,"minecraft:light_gray_stained_glass_pane":29,"minecraft:cut_red_sandstone_slab":79,"minecraft:carved_pumpkin":9,"minecraft:red_concrete":512,"minecraft:spruce_slab":500,"minecraft:redstone":342,"minecraft:ladder":45,"minecraft:light_gray_carpet":9,"minecraft:black_carpet":18,"minecraft:spruce_planks":604,"minecraft:chest":31,"minecraft:stone":1329,"minecraft:bell":3,"minecraft:warped_sign":4,"minecraft:quartz_stairs":159,"minecraft:grass":1,"minecraft:player_head":19,"minecraft:structure_block":5,"minecraft:farmland":3,"minecraft:green_terracotta":10,"minecraft:spruce_leaves":590,"minecraft:torch":18,"minecraft:dirt":4268,"minecraft:anvil":2,"minecraft:white_carpet":20,"minecraft:hopper":9,"minecraft:prismarine_bricks":9,"minecraft:twisting_vines":2,"minecraft:spruce_stairs":109,"minecraft:prismarine_brick_stairs":20,"minecraft:oak_wood":5,"minecraft:spruce_fence":211,"minecraft:milk_bucket":1,"minecraft:polished_diorite":4,"minecraft:obsidian":12,"minecraft:birch_door":6,"minecraft:glass":128,"minecraft:brown_terracotta":3,"minecraft:dark_oak_planks":3,"minecraft:packed_ice":45,"minecraft:sea_lantern":1055,"minecraft:cyan_terracotta":68,"minecraft:lava_bucket":2,"minecraft:netherite_shovel":4,"minecraft:light_gray_stained_glass":50,"minecraft:bookshelf":25,"minecraft:quartz_pillar":4,"minecraft:iron_block":1017,"minecraft:warped_hyphae":2,"minecraft:quartz_slab":559,"minecraft:black_stained_glass_pane":8,"minecraft:lantern":15,"minecraft:grass_block":7689,"minecraft:oak_stairs":94,"minecraft:slime_block":3,"minecraft:smooth_sandstone":395,"minecraft:polished_andesite_stairs":102,"minecraft:dark_oak_slab":1,"minecraft:smooth_quartz":445,"minecraft:dark_oak_button":1,"minecraft:diorite_wall":18,"minecraft:barrel":20,"minecraft:stone_brick_stairs":10,"minecraft:prismarine_slab":30,"minecraft:stone_bricks":18,"minecraft:blue_banner":2,"minecraft:item_frame":48,"minecraft:bedrock":259,"minecraft:light_gray_wool":3,"minecraft:repeater":247,"minecraft:red_carpet":16,"minecraft:tripwire_hook":7,"minecraft:glowstone":4,"minecraft:redstone_lamp":44,"minecraft:infested_mossy_stone_bricks":12,"minecraft:snow":132,"minecraft:brown_carpet":29,"minecraft:soul_soil":3,"minecraft:scaffolding":28,"minecraft:sweet_berries":34,"minecraft:emerald_block":10,"minecraft:iron_trapdoor":50,"minecraft:white_stained_glass_pane":299,"minecraft:podzol":207,"minecraft:minecart":2,"minecraft:polished_diorite_stairs":21,"minecraft:gold_block":62,"minecraft:skeleton_skull":10,"minecraft:stone_pressure_plate":2,"minecraft:dragon_head":3,"minecraft:observer":35,"minecraft:enchanted_golden_apple":1,"minecraft:dark_prismarine_stairs":46,"minecraft:light_blue_carpet":5,"minecraft:wheat_seeds":4,"minecraft:dark_oak_stairs":2,"minecraft:mossy_stone_bricks":5,"minecraft:water_bucket":83,"minecraft:diorite":2,"minecraft:cobblestone_stairs":14,"minecraft:snow_block":88,"minecraft:sandstone_stairs":39,"minecraft:prismarine_brick_slab":14,"minecraft:stripped_acacia_log":1,"minecraft:red_stained_glass":3,"minecraft:powered_rail":156,"minecraft:polished_andesite":22,"minecraft:gray_carpet":5,"minecraft:dark_oak_sign":10,"minecraft:prismarine":2792,"minecraft:red_nether_bricks":3,"minecraft:oak_planks":95,"minecraft:prismarine_stairs":10,"minecraft:polished_diorite_slab":5,"minecraft:sandstone":83,"minecraft:cut_sandstone":97,"minecraft:redstone_block":22,"minecraft:spruce_sign":17,"minecraft:cauldron":1,"minecraft:diamond_axe":14,"minecraft:red_glazed_terracotta":17,"minecraft:beacon":4,"minecraft:spruce_fence_gate":1,"minecraft:cobblestone_slab":8,"minecraft:cracked_stone_bricks":12,"minecraft:oak_leaves":5,"minecraft:mossy_cobblestone":3,"minecraft:dark_oak_trapdoor":9,"minecraft:diamond_block":27,"minecraft:sand":1754,"minecraft:rail":156,"minecraft:comparator":6,"minecraft:dark_prismarine_slab":35,"minecraft:infested_chiseled_stone_bricks":26,"minecraft:oak_slab":27,"minecraft:cyan_glazed_terracotta":12,"minecraft:red_bed":2,"minecraft:birch_sign":3,"minecraft:blast_furnace":4,"minecraft:yellow_concrete":6,"minecraft:campfire":11,"minecraft:white_bed":1,"minecraft:sponge":14,"minecraft:chiseled_quartz_block":2,"minecraft:purple_terracotta":9,"minecraft:stone_brick_wall":20,"minecraft:gray_concrete":766,"minecraft:painting":167,"minecraft:spruce_log":650,"minecraft:smoker":5,"minecraft:dark_oak_door":1,"minecraft:redstone_torch":127,"minecraft:oak_log":17,"minecraft:black_concrete":3,"minecraft:sticky_piston":53,"minecraft:blue_stained_glass_pane":17,"minecraft:dark_prismarine":73,"minecraft:blue_glazed_terracotta":14,"minecraft:piston":6,"minecraft:lever":40,"minecraft:flower_pot":37,"minecraft:red_sandstone":22,"minecraft:acacia_stairs":1,"minecraft:black_wool":2,"minecraft:daylight_detector":78,"minecraft:diamond_shovel":200,"minecraft:chiseled_sandstone":2,"minecraft:acacia_door":2,"minecraft:light_gray_concrete":1449,"minecraft:command_block":38,"minecraft:gray_stained_glass_pane":4,"minecraft:lime_carpet":7,"minecraft:heavy_weighted_pressure_plate":4,"minecraft:barrier":347,"minecraft:bread":3,"minecraft:cyan_carpet":9,"minecraft:string":3,"minecraft:oak_button":6,"minecraft:stone_button":13,"minecraft:detector_rail":1,"minecraft:lectern":2,"minecraft:stone_slab":2,"minecraft:spruce_trapdoor":41,"minecraft:iron_door":14,"minecraft:spruce_sapling":61,"minecraft:gravel":41,"minecraft:soul_lantern":13,"minecraft:green_carpet":3,"minecraft:chiseled_stone_bricks":161,"minecraft:jungle_sign":6,"minecraft:fishing_rod":16,"minecraft:diamond_sword":7,"minecraft:coal_block":5,"minecraft:cobblestone":16,"minecraft:stripped_crimson_hyphae":1,"minecraft:white_banner":5,"minecraft:grindstone":27,"minecraft:dark_oak_fence":2,"minecraft:smithing_table":2,"minecraft:white_stained_glass":113,"minecraft:sandstone_slab":2,"minecraft:grass_path":31,"minecraft:andesite":5,"minecraft:lapis_block":351,"minecraft:chain":14,"minecraft:glass_pane":5,"minecraft:ice":86,"minecraft:smooth_stone_slab":23,"minecraft:wither_rose":2,"minecraft:sea_pickle":5,"minecraft:white_concrete":1625,"minecraft:coarse_dirt":86,"minecraft:bone_meal":136,"minecraft:birch_stairs":2,"minecraft:soul_torch":1,"minecraft:cobweb":87}},"DataVersion":2584}