{"stats":{"minecraft:crafted":{"minecraft:arrow":8,"minecraft:fishing_rod":1,"minecraft:bow":1},"minecraft:dropped":{"minecraft:command_block":1,"minecraft:sea_lantern":1,"minecraft:stone":1,"minecraft:sand":63,"minecraft:powered_rail":1},"minecraft:killed_by":{"minecraft:cave_spider":8,"minecraft:phantom":1},"minecraft:killed":{"minecraft:magma_cube":10,"minecraft:husk":1,"minecraft:cave_spider":4,"minecraft:chicken":1},"minecraft:picked_up":{"minecraft:wooden_axe":1,"minecraft:feather":5,"minecraft:chicken":1,"minecraft:cobblestone_wall":11,"minecraft:cornflower":1,"minecraft:string":24,"minecraft:kelp":19,"minecraft:sea_pickle":2,"minecraft:poppy":1,"minecraft:powered_rail":1,"minecraft:scaffolding":105,"minecraft:stick":5,"minecraft:emerald_block":1,"minecraft:stone":1,"minecraft:sand":63,"minecraft:sea_lantern":1,"minecraft:arrow":5,"minecraft:command_block":1,"minecraft:iron_bars":12,"minecraft:oxeye_daisy":1},"minecraft:broken":{"minecraft:fishing_rod":1},"minecraft:custom":{"minecraft:interact_with_furnace":1,"minecraft:mob_kills":16,"minecraft:interact_with_crafting_table":8,"minecraft:open_barrel":3,"minecraft:play_one_minute":3251218,"minecraft:leave_game":74,"minecraft:time_since_death":88153,"minecraft:climb_one_cm":14848,"minecraft:time_since_rest":88173,"minecraft:sprint_one_cm":224890,"minecraft:damage_taken":15570,"minecraft:walk_one_cm":612480,"minecraft:trigger_trapped_chest":1,"minecraft:drop":13,"minecraft:damage_dealt":2356,"minecraft:minecart_one_cm":716649,"minecraft:swim_one_cm":86359,"minecraft:fly_one_cm":22067195,"minecraft:open_chest":32,"minecraft:crouch_one_cm":55783,"minecraft:sneak_time":38913,"minecraft:deaths":46,"minecraft:walk_under_water_one_cm":789044,"minecraft:boat_one_cm":1156995,"minecraft:aviate_one_cm":588650,"minecraft:jump":1742,"minecraft:walk_on_water_one_cm":166934,"minecraft:fall_one_cm":127233},"minecraft:mined":{"minecraft:cobblestone_wall":21,"minecraft:iron_bars":12},"minecraft:used":{"minecraft:mossy_stone_bricks":4,"minecraft:water_bucket":10,"minecraft:spruce_slab":152,"minecraft:polished_andesite":2,"minecraft:powered_rail":1,"minecraft:ladder":4,"minecraft:poppy":2,"minecraft:oak_sign":13,"minecraft:spruce_planks":107,"minecraft:chest":1,"minecraft:stone":130,"minecraft:redstone_block":36,"minecraft:grass":26,"minecraft:mossy_cobblestone":1,"minecraft:sand":632,"minecraft:comparator":4,"minecraft:vine":39,"minecraft:crafting_table":2,"minecraft:spruce_stairs":14,"minecraft:cobblestone_wall":1,"minecraft:fire_coral":1,"minecraft:spruce_fence":5,"minecraft:stripped_spruce_log":53,"minecraft:spruce_boat":17,"minecraft:dark_oak_planks":14,"minecraft:lever":2,"minecraft:diamond_pickaxe":73,"minecraft:sea_lantern":9,"minecraft:command_block":258,"minecraft:grass_block":34,"minecraft:iron_pickaxe":24,"minecraft:stone_button":6,"minecraft:dark_oak_slab":25,"minecraft:iron_door":1,"minecraft:stone_bricks":3,"minecraft:bow":126,"minecraft:fishing_rod":19,"minecraft:repeater":15,"minecraft:cobblestone":1,"minecraft:potion":1,"minecraft:emerald_block":2,"minecraft:written_book":13,"minecraft:minecart":4,"minecraft:smooth_stone_slab":3,"minecraft:kelp":61,"minecraft:coarse_dirt":2,"minecraft:observer":19,"minecraft:seagrass":172}},"DataVersion":2584}