{"stats":{"minecraft:mined":{"minecraft:podzol":3,"minecraft:coarse_dirt":3,"minecraft:jungle_wood":1,"minecraft:wheat":6,"minecraft:spruce_log":6,"minecraft:orange_stained_glass_pane":1,"minecraft:birch_leaves":2,"minecraft:red_banner":1,"minecraft:sea_lantern":3,"minecraft:red_wall_banner":2,"minecraft:torch":1,"minecraft:yellow_stained_glass_pane":3,"minecraft:grass":9,"minecraft:white_stained_glass_pane":5,"minecraft:white_stained_glass":7,"minecraft:sand":18,"minecraft:oak_leaves":1},"minecraft:picked_up":{"minecraft:coarse_dirt":3,"minecraft:wheat":6,"minecraft:torch":2,"minecraft:jungle_wood":1,"minecraft:sand":18,"minecraft:red_banner":3,"minecraft:spruce_log":6,"minecraft:prismarine_crystals":6,"minecraft:dirt":3,"minecraft:wheat_seeds":10,"minecraft:player_head":5},"minecraft:crafted":{"minecraft:crafting_table":1,"minecraft:spruce_planks":24},"minecraft:dropped":{"minecraft:player_head":1},"minecraft:custom":{"minecraft:time_since_rest":1801,"minecraft:sprint_one_cm":97297,"minecraft:damage_taken":1648,"minecraft:walk_one_cm":32631,"minecraft:drop":1,"minecraft:swim_one_cm":8741,"minecraft:fly_one_cm":52489,"minecraft:play_one_minute":22087,"minecraft:crouch_one_cm":643,"minecraft:deaths":3,"minecraft:sneak_time":979,"minecraft:walk_under_water_one_cm":8668,"minecraft:jump":344,"minecraft:leave_game":1,"minecraft:walk_on_water_one_cm":12900,"minecraft:time_since_death":1767,"minecraft:fall_one_cm":18791},"minecraft:used":{"minecraft:spruce_planks":1,"minecraft:player_head":1,"minecraft:torch":2,"minecraft:sand":16,"minecraft:dirt":3,"minecraft:red_banner":3,"minecraft:coarse_dirt":3}},"DataVersion":1631}