{"stats":{"minecraft:custom":{"minecraft:jump":15,"minecraft:time_since_rest":97499,"minecraft:play_one_minute":151243,"minecraft:crouch_one_cm":375,"minecraft:damage_taken":790,"minecraft:leave_game":3,"minecraft:sprint_one_cm":7867,"minecraft:time_since_death":97473,"minecraft:walk_one_cm":15883,"minecraft:deaths":1,"minecraft:sneak_time":5343,"minecraft:drop":1,"minecraft:fall_one_cm":8152,"minecraft:fly_one_cm":835042},"minecraft:picked_up":{"minecraft:command_block":1},"minecraft:dropped":{"minecraft:light_blue_concrete":1},"minecraft:used":{"minecraft:polished_andesite":87,"minecraft:red_terracotta":2,"minecraft:cyan_terracotta":257,"minecraft:diamond_block":475,"minecraft:red_glazed_terracotta":974,"minecraft:light_blue_concrete":929,"minecraft:command_block":2}},"DataVersion":1976}