{"stats":{"minecraft:used":{"minecraft:bow":13,"minecraft:iron_trapdoor":1},"minecraft:custom":{"minecraft:jump":209,"minecraft:open_chest":7,"minecraft:time_since_rest":49903,"minecraft:crouch_one_cm":1102,"minecraft:play_one_minute":49903,"minecraft:leave_game":1,"minecraft:sprint_one_cm":99874,"minecraft:walk_on_water_one_cm":1641,"minecraft:time_since_death":49903,"minecraft:walk_one_cm":164284,"minecraft:sneak_time":1833,"minecraft:climb_one_cm":236,"minecraft:walk_under_water_one_cm":9165,"minecraft:swim_one_cm":51391,"minecraft:fly_one_cm":1215806},"minecraft:picked_up":{"minecraft:emerald":2}},"DataVersion":1631}