{"stats":{"minecraft:picked_up":{"minecraft:sign":2,"minecraft:spruce_log":5,"minecraft:oak_sapling":1,"minecraft:prismarine_crystals":3},"minecraft:mined":{"minecraft:wall_sign":2,"minecraft:white_stained_glass":2,"minecraft:spruce_log":5,"minecraft:sea_lantern":1,"minecraft:oak_leaves":1},"minecraft:custom":{"minecraft:time_since_rest":106,"minecraft:crouch_one_cm":2662,"minecraft:play_one_minute":10567,"minecraft:damage_taken":4220,"minecraft:sprint_one_cm":39727,"minecraft:deaths":5,"minecraft:walk_one_cm":20112,"minecraft:sneak_time":769,"minecraft:drop":2,"minecraft:jump":377,"minecraft:leave_game":4,"minecraft:walk_on_water_one_cm":1291,"minecraft:time_since_death":72,"minecraft:fall_one_cm":43302,"minecraft:fly_one_cm":135942},"minecraft:dropped":{"minecraft:prismarine_crystals":3,"minecraft:oak_sapling":1},"minecraft:used":{"minecraft:sign":2,"minecraft:spruce_planks":20},"minecraft:crafted":{"minecraft:spruce_planks":20}},"DataVersion":1631}