{"stats":{"minecraft:mined":{"minecraft:sea_lantern":1},"minecraft:killed":{"minecraft:pig":1},"minecraft:custom":{"minecraft:mob_kills":1,"minecraft:open_barrel":2,"minecraft:leave_game":59,"minecraft:time_since_death":48085,"minecraft:climb_one_cm":18774,"minecraft:sprint_one_cm":492737,"minecraft:walk_one_cm":827040,"minecraft:drop":14,"minecraft:deaths":14,"minecraft:sneak_time":63905,"minecraft:walk_under_water_one_cm":61226,"minecraft:interact_with_lectern":8,"minecraft:jump":4363,"minecraft:walk_on_water_one_cm":180294,"minecraft:play_one_minute":2338539,"minecraft:time_since_rest":48111,"minecraft:damage_taken":8308,"minecraft:damage_dealt":140,"minecraft:interact_with_beacon":2,"minecraft:fly_one_cm":16591483,"minecraft:swim_one_cm":36902,"minecraft:open_chest":2,"minecraft:crouch_one_cm":49851,"minecraft:aviate_one_cm":3229860,"minecraft:fall_one_cm":84639},"minecraft:used":{"minecraft:nether_brick_fence":78,"minecraft:light_blue_stained_glass_pane":194,"minecraft:jungle_leaves":119,"minecraft:writable_book":7,"minecraft:iron_bars":212,"minecraft:carved_pumpkin":4,"minecraft:red_concrete":295,"minecraft:spruce_slab":388,"minecraft:redstone":7,"minecraft:diamond_hoe":20,"minecraft:ladder":29,"minecraft:oak_sign":65,"minecraft:light_blue_terracotta":8,"minecraft:spruce_planks":75,"minecraft:brown_concrete":83,"minecraft:stone":284,"minecraft:stripped_jungle_wood":18,"minecraft:red_nether_brick_stairs":14,"minecraft:quartz_stairs":27,"minecraft:stripped_birch_wood":1,"minecraft:player_head":5,"minecraft:structure_block":14,"minecraft:netherrack":34,"minecraft:debug_stick":341,"minecraft:torch":13,"minecraft:dirt":1397,"minecraft:red_nether_brick_slab":10,"minecraft:hopper":7,"minecraft:blue_stained_glass":68,"minecraft:nether_bricks":268,"minecraft:prismarine_bricks":427,"minecraft:jungle_planks":1,"minecraft:spruce_stairs":139,"minecraft:prismarine_brick_stairs":47,"minecraft:cobblestone_wall":167,"minecraft:jungle_slab":150,"minecraft:nether_brick_slab":10,"minecraft:light_blue_stained_glass":401,"minecraft:blue_concrete":209,"minecraft:nether_brick_stairs":45,"minecraft:obsidian":1,"minecraft:stripped_spruce_log":28,"minecraft:polished_diorite":6,"minecraft:jungle_sapling":4,"minecraft:purple_stained_glass_pane":1073,"minecraft:stone_brick_slab":201,"minecraft:dark_oak_planks":56,"minecraft:sea_lantern":119,"minecraft:quartz_pillar":24,"minecraft:lantern":26,"minecraft:quartz_slab":59,"minecraft:iron_block":11,"minecraft:grass_block":256,"minecraft:slime_block":4,"minecraft:polished_andesite_stairs":12,"minecraft:dark_oak_slab":7,"minecraft:gray_concrete_powder":2,"minecraft:pink_stained_glass_pane":5,"minecraft:stone_brick_stairs":145,"minecraft:barrel":1,"minecraft:stone_bricks":263,"minecraft:bedrock":31,"minecraft:repeater":24,"minecraft:red_nether_brick_wall":18,"minecraft:red_stained_glass_pane":198,"minecraft:lime_concrete":4,"minecraft:glowstone":25,"minecraft:redstone_lamp":6,"minecraft:magma_block":69,"minecraft:written_book":5,"minecraft:iron_trapdoor":29,"minecraft:wheat_seeds":39,"minecraft:water_bucket":48,"minecraft:mossy_stone_bricks":2,"minecraft:end_rod":94,"minecraft:nether_brick_wall":50,"minecraft:prismarine_brick_slab":74,"minecraft:stripped_birch_log":104,"minecraft:red_stained_glass":114,"minecraft:polished_andesite":392,"minecraft:prismarine":102,"minecraft:jungle_fence":24,"minecraft:red_nether_bricks":244,"minecraft:andesite_slab":66,"minecraft:purple_glazed_terracotta":6,"minecraft:sandstone":8,"minecraft:cut_sandstone":368,"minecraft:composter":12,"minecraft:redstone_block":10,"minecraft:magenta_stained_glass":3,"minecraft:beacon":4,"minecraft:purpur_pillar":1,"minecraft:jungle_wood":6,"minecraft:diamond_block":867,"minecraft:sand":263,"minecraft:light_blue_concrete":2,"minecraft:dark_prismarine_slab":4,"minecraft:yellow_concrete":1,"minecraft:campfire":9,"minecraft:sponge":116,"minecraft:stone_brick_wall":63,"minecraft:gray_concrete":56,"minecraft:infested_stone_bricks":130,"minecraft:birch_fence":32,"minecraft:redstone_torch":8,"minecraft:purple_stained_glass":156,"minecraft:blue_stained_glass_pane":22,"minecraft:dark_prismarine":47,"minecraft:lever":16,"minecraft:black_concrete":105,"minecraft:firework_rocket":70,"minecraft:diamond_shovel":329,"minecraft:birch_slab":8,"minecraft:command_block":17,"minecraft:light_gray_concrete":26,"minecraft:barrier":1,"minecraft:lectern":9,"minecraft:jungle_stairs":81,"minecraft:magenta_concrete":2,"minecraft:spruce_trapdoor":92,"minecraft:diamond_ore":3,"minecraft:prismarine_wall":141,"minecraft:gravel":2,"minecraft:polished_andesite_slab":65,"minecraft:magenta_stained_glass_pane":48,"minecraft:nether_wart_block":4,"minecraft:diamond_sword":2,"minecraft:cyan_stained_glass_pane":1,"minecraft:dark_oak_fence":1,"minecraft:andesite":41,"minecraft:andesite_stairs":23,"minecraft:repeating_command_block":5,"minecraft:glass_pane":3,"minecraft:mossy_cobblestone_wall":3,"minecraft:smooth_stone_slab":117,"minecraft:white_concrete":327,"minecraft:smooth_stone":8,"minecraft:bone_meal":12,"minecraft:diorite_slab":21,"minecraft:birch_stairs":1},"minecraft:killed_by":{"minecraft:player":2,"minecraft:slime":1},"minecraft:picked_up":{"minecraft:wooden_axe":2,"minecraft:ladder":2,"minecraft:redstone_block":1,"minecraft:nether_brick_fence":1,"minecraft:stone_brick_stairs":1,"minecraft:elytra":1,"minecraft:red_nether_bricks":2,"minecraft:oak_sign":6,"minecraft:spruce_planks":1,"minecraft:written_book":2,"minecraft:jungle_sapling":5,"minecraft:poppy":27,"minecraft:spruce_slab":1,"minecraft:stick":10,"minecraft:red_stained_glass_pane":1,"minecraft:spruce_stairs":1,"minecraft:porkchop":2,"minecraft:red_nether_brick_wall":2,"minecraft:prismarine_crystals":3,"minecraft:tnt":1,"minecraft:command_block":3,"minecraft:light_blue_stained_glass_pane":1,"minecraft:nether_bricks":1,"minecraft:end_rod":1,"minecraft:nether_brick_wall":1,"minecraft:magma_block":1,"minecraft:water_bucket":2,"minecraft:leather":5,"minecraft:purple_stained_glass":1,"minecraft:lantern":1,"minecraft:red_nether_brick_stairs":1,"minecraft:prismarine_brick_slab":1,"minecraft:prismarine_brick_stairs":2,"minecraft:debug_stick":1,"minecraft:light_blue_stained_glass":1,"minecraft:diamond_block":1,"minecraft:sea_lantern":2,"minecraft:dark_prismarine":1,"minecraft:firework_rocket":1,"minecraft:red_stained_glass":1,"minecraft:prismarine_wall":2,"minecraft:purple_glazed_terracotta":1,"minecraft:lever":4,"minecraft:white_concrete":1,"minecraft:red_concrete":1},"minecraft:dropped":{"minecraft:water_bucket":1,"minecraft:purple_glazed_terracotta":1,"minecraft:command_block":3,"minecraft:stick":1,"minecraft:light_blue_stained_glass_pane":1,"minecraft:diamond_block":1,"minecraft:oak_sign":1,"minecraft:red_stained_glass_pane":1,"minecraft:sea_lantern":1,"minecraft:red_nether_bricks":1,"minecraft:magma_block":1,"minecraft:written_book":2}},"DataVersion":1976}