{"stats":{"minecraft:mined":{"minecraft:sign":1,"minecraft:red_stained_glass":1,"minecraft:sand":6},"minecraft:custom":{"minecraft:jump":404,"minecraft:time_since_rest":429,"minecraft:damage_taken":3440,"minecraft:play_one_minute":301237,"minecraft:crouch_one_cm":1607,"minecraft:leave_game":8,"minecraft:time_since_death":366,"minecraft:sprint_one_cm":37548,"minecraft:walk_on_water_one_cm":4774,"minecraft:walk_one_cm":32436,"minecraft:sneak_time":666,"minecraft:walk_under_water_one_cm":1930,"minecraft:swim_one_cm":16610,"minecraft:fall_one_cm":11597,"minecraft:fly_one_cm":84112,"minecraft:deaths":1},"minecraft:picked_up":{"minecraft:sand":5,"minecraft:sign":1},"minecraft:used":{"minecraft:sand":5,"minecraft:sign":1}},"DataVersion":1631}