{"stats":{"minecraft:used":{"minecraft:bow":22},"minecraft:custom":{"minecraft:jump":12,"minecraft:time_since_rest":170173,"minecraft:play_one_minute":170173,"minecraft:crouch_one_cm":180,"minecraft:damage_taken":170,"minecraft:leave_game":4,"minecraft:sprint_one_cm":944,"minecraft:time_since_death":170173,"minecraft:walk_on_water_one_cm":1194,"minecraft:walk_one_cm":5335,"minecraft:sneak_time":262,"minecraft:walk_under_water_one_cm":131,"minecraft:fall_one_cm":2492,"minecraft:boat_one_cm":151227,"minecraft:fly_one_cm":73887}},"DataVersion":1631}