{"stats":{"minecraft:killed_by":{"minecraft:zombie":1},"minecraft:mined":{"minecraft:grass_block":9,"minecraft:jungle_wood":4,"minecraft:sand":16,"minecraft:oak_pressure_plate":2,"minecraft:wheat":5},"minecraft:custom":{"minecraft:open_chest":1,"minecraft:time_since_rest":1192966,"minecraft:play_one_minute":2103088,"minecraft:crouch_one_cm":881,"minecraft:sprint_one_cm":65788,"minecraft:damage_taken":1620,"minecraft:deaths":4,"minecraft:walk_one_cm":39437,"minecraft:sneak_time":1102,"minecraft:walk_under_water_one_cm":47612,"minecraft:jump":488,"minecraft:leave_game":13,"minecraft:time_since_death":0,"minecraft:walk_on_water_one_cm":5323,"minecraft:swim_one_cm":2487,"minecraft:interact_with_crafting_table":1,"minecraft:fall_one_cm":21642,"minecraft:fly_one_cm":253492},"minecraft:picked_up":{"minecraft:wheat":5,"minecraft:jungle_wood":4,"minecraft:wheat_seeds":11,"minecraft:oak_pressure_plate":2,"minecraft:sand":16,"minecraft:dirt":8},"minecraft:used":{"minecraft:dirt":4,"minecraft:sand":16,"minecraft:crafting_table":1,"minecraft:sign":3,"minecraft:oak_pressure_plate":1},"minecraft:crafted":{"minecraft:sign":3,"minecraft:crafting_table":1,"minecraft:stick":4,"minecraft:jungle_planks":16}},"DataVersion":1631}