{"stats":{"minecraft:mined":{"minecraft:podzol":3,"minecraft:wall_sign":1,"minecraft:coarse_dirt":3,"minecraft:spruce_planks":4,"minecraft:red_stained_glass":3,"minecraft:wheat":8,"minecraft:spruce_log":2,"minecraft:birch_leaves":1,"minecraft:sea_lantern":1,"minecraft:ladder":3,"minecraft:gray_stained_glass":1,"minecraft:white_stained_glass_pane":4,"minecraft:white_stained_glass":7,"minecraft:sand":11,"minecraft:oak_pressure_plate":1,"minecraft:spruce_leaves":2},"minecraft:picked_up":{"minecraft:coarse_dirt":3,"minecraft:wheat":9,"minecraft:ladder":3,"minecraft:oak_pressure_plate":1,"minecraft:sand":11,"minecraft:spruce_log":2,"minecraft:prismarine_crystals":2,"minecraft:dirt":2,"minecraft:sign":1,"minecraft:peony":3,"minecraft:wheat_seeds":12,"minecraft:spruce_planks":4},"minecraft:crafted":{"minecraft:crafting_table":1,"minecraft:spruce_planks":8,"minecraft:stick":4,"minecraft:wooden_axe":1},"minecraft:custom":{"minecraft:time_since_rest":9571,"minecraft:sprint_one_cm":95532,"minecraft:damage_taken":460,"minecraft:walk_one_cm":37067,"minecraft:damage_dealt":8,"minecraft:swim_one_cm":25716,"minecraft:interact_with_crafting_table":1,"minecraft:fly_one_cm":22162,"minecraft:play_one_minute":22331,"minecraft:crouch_one_cm":443,"minecraft:deaths":2,"minecraft:sneak_time":403,"minecraft:walk_under_water_one_cm":9319,"minecraft:jump":170,"minecraft:leave_game":2,"minecraft:walk_on_water_one_cm":11744,"minecraft:time_since_death":9543,"minecraft:climb_one_cm":244,"minecraft:fall_one_cm":3585},"minecraft:used":{"minecraft:sand":7,"minecraft:crafting_table":1}},"DataVersion":1631}