{"stats":{"minecraft:killed_by":{"minecraft:wither_skeleton":7,"minecraft:cave_spider":4},"minecraft:used":{"minecraft:peony":409,"minecraft:music_disc_far":1,"minecraft:light_blue_banner":37,"minecraft:nether_brick_fence":25,"minecraft:light_blue_stained_glass_pane":7,"minecraft:jack_o_lantern":18,"minecraft:blue_terracotta":9,"minecraft:iron_shovel":84,"minecraft:melon":20,"minecraft:spruce_slab":1534,"minecraft:dead_horn_coral_block":14,"minecraft:red_sandstone_slab":255,"minecraft:dispenser":1,"minecraft:dead_brain_coral":2,"minecraft:ladder":337,"minecraft:black_carpet":35,"minecraft:green_banner":1,"minecraft:chest":64,"minecraft:white_terracotta":86,"minecraft:stone":1909,"minecraft:brown_concrete":124,"minecraft:creeper_head":8,"minecraft:quartz_stairs":4252,"minecraft:bubble_coral":5,"minecraft:grass":477,"minecraft:player_head":21,"minecraft:tube_coral":54,"minecraft:green_terracotta":46,"minecraft:spruce_leaves":3810,"minecraft:soul_sand":57,"minecraft:cocoa_beans":20,"minecraft:blue_stained_glass":13,"minecraft:brick_slab":7,"minecraft:orange_glazed_terracotta":64,"minecraft:jungle_planks":12,"minecraft:nether_bricks":9,"minecraft:prismarine_brick_stairs":775,"minecraft:orange_wool":137,"minecraft:pink_terracotta":9,"minecraft:acacia_sapling":36,"minecraft:acacia_button":9,"minecraft:music_disc_13":2,"minecraft:cyan_wool":23,"minecraft:snowball":153,"minecraft:azure_bluet":342,"minecraft:obsidian":19,"minecraft:red_sandstone_stairs":689,"minecraft:glass":1635,"minecraft:cyan_terracotta":90,"minecraft:lava_bucket":6,"minecraft:bricks":60,"minecraft:coal_ore":12,"minecraft:quartz_pillar":509,"minecraft:black_stained_glass_pane":250,"minecraft:red_wool":107,"minecraft:quartz_slab":2468,"minecraft:spruce_wood":9,"minecraft:grass_block":2934,"minecraft:blue_orchid":443,"minecraft:birch_sapling":1,"minecraft:quartz_block":10465,"minecraft:green_wool":50,"minecraft:music_disc_chirp":1,"minecraft:dark_oak_leaves":563,"minecraft:light_blue_bed":3,"minecraft:dark_oak_slab":1506,"minecraft:tropical_fish_spawn_egg":227,"minecraft:dark_oak_button":37,"minecraft:horn_coral":38,"minecraft:stone_brick_stairs":2103,"minecraft:stone_bricks":653,"minecraft:music_disc_stal":1,"minecraft:item_frame":61,"minecraft:infested_mossy_stone_bricks":269,"minecraft:bedrock":1644,"minecraft:snow":281,"minecraft:brown_carpet":161,"minecraft:dolphin_spawn_egg":5,"minecraft:red_carpet":112,"minecraft:birch_trapdoor":43,"minecraft:red_stained_glass_pane":21,"minecraft:repeater":6,"minecraft:redstone_lamp":269,"minecraft:bow":389,"minecraft:magma_block":13,"minecraft:dark_oak_boat":3,"minecraft:hay_block":213,"minecraft:written_book":1,"minecraft:infested_cracked_stone_bricks":35,"minecraft:yellow_glazed_terracotta":56,"minecraft:furnace":5,"minecraft:acacia_fence":327,"minecraft:gold_block":887,"minecraft:skeleton_skull":85,"minecraft:gray_banner":3,"minecraft:dragon_head":4,"minecraft:large_fern":60,"minecraft:seagrass":153,"minecraft:green_stained_glass_pane":13,"minecraft:dark_prismarine_stairs":1549,"minecraft:lime_glazed_terracotta":27,"minecraft:dark_oak_sapling":1,"minecraft:light_blue_carpet":27,"minecraft:zombie_horse_spawn_egg":5,"minecraft:dark_oak_stairs":280,"minecraft:mossy_stone_bricks":3190,"minecraft:diorite":164,"minecraft:end_rod":132,"minecraft:damaged_anvil":23,"minecraft:end_stone_bricks":466,"minecraft:stripped_acacia_log":42,"minecraft:dropper":12,"minecraft:wither_skeleton_skull":88,"minecraft:gray_carpet":59,"minecraft:powered_rail":1,"minecraft:stripped_birch_log":31,"minecraft:birch_leaves":614,"minecraft:acacia_trapdoor":82,"minecraft:jungle_fence":64,"minecraft:prismarine":156,"minecraft:oak_planks":1031,"minecraft:prismarine_stairs":193,"minecraft:birch_wood":56,"minecraft:lily_pad":339,"minecraft:cactus":119,"minecraft:orange_tulip":2,"minecraft:lime_concrete_powder":7,"minecraft:sandstone":126,"minecraft:black_glazed_terracotta":59,"minecraft:redstone_block":37,"minecraft:sugar_cane":152,"minecraft:oak_leaves":1013,"minecraft:white_wool":1266,"minecraft:brain_coral":30,"minecraft:dark_oak_trapdoor":213,"minecraft:sand":1241,"minecraft:purpur_stairs":44,"minecraft:light_blue_concrete":34,"minecraft:infested_chiseled_stone_bricks":79,"minecraft:lime_stained_glass_pane":40,"minecraft:light_blue_wool":45,"minecraft:black_banner":106,"minecraft:light_gray_terracotta":100,"minecraft:yellow_concrete":64,"minecraft:blue_ice":1215,"minecraft:acacia_leaves":1380,"minecraft:chiseled_quartz_block":643,"minecraft:note_block":71,"minecraft:gray_concrete":359,"minecraft:skeleton_horse_spawn_egg":5,"minecraft:black_bed":10,"minecraft:squid_spawn_egg":3,"minecraft:end_stone":51,"minecraft:birch_fence":1418,"minecraft:redstone_torch":189,"minecraft:sticky_piston":9,"minecraft:black_terracotta":30,"minecraft:lever":30,"minecraft:blue_glazed_terracotta":3,"minecraft:red_sandstone":598,"minecraft:black_concrete":741,"minecraft:firework_rocket":62,"minecraft:daylight_detector":4,"minecraft:birch_fence_gate":29,"minecraft:chiseled_sandstone":261,"minecraft:acacia_door":42,"minecraft:birch_slab":1520,"minecraft:dark_oak_log":792,"minecraft:zombie_head":14,"minecraft:light_gray_concrete":123,"minecraft:lime_carpet":1,"minecraft:music_disc_mall":2,"minecraft:stone_button":38,"minecraft:string":104,"minecraft:brown_wool":4,"minecraft:brown_stained_glass":6,"minecraft:barrier":139,"minecraft:cyan_carpet":18,"minecraft:sign":223,"minecraft:white_glazed_terracotta":144,"minecraft:red_terracotta":2,"minecraft:polished_granite":36,"minecraft:oak_pressure_plate":19,"minecraft:iron_door":22,"minecraft:cut_red_sandstone":141,"minecraft:gravel":12,"minecraft:lilac":33,"minecraft:magenta_stained_glass_pane":8,"minecraft:ocelot_spawn_egg":11,"minecraft:coal_block":16,"minecraft:nether_wart_block":55,"minecraft:diamond_sword":46,"minecraft:fire_charge":65,"minecraft:stripped_oak_wood":56,"minecraft:dark_oak_fence":1832,"minecraft:white_stained_glass":807,"minecraft:birch_log":340,"minecraft:andesite":177,"minecraft:ice":23,"minecraft:mossy_cobblestone_wall":52,"minecraft:white_concrete":213,"minecraft:coarse_dirt":284,"minecraft:chorus_plant":27,"minecraft:bone_meal":109,"minecraft:purple_wool":43,"minecraft:cobweb":117,"minecraft:oak_fence":511,"minecraft:oak_trapdoor":590,"minecraft:purpur_block":59,"minecraft:petrified_oak_slab":10,"minecraft:trident":74,"minecraft:iron_bars":1656,"minecraft:jungle_leaves":5345,"minecraft:rose_bush":11,"minecraft:enchanting_table":7,"minecraft:orange_concrete":10,"minecraft:dead_tube_coral_block":113,"minecraft:acacia_log":225,"minecraft:dead_bush":9,"minecraft:red_concrete":215,"minecraft:armor_stand":47,"minecraft:redstone":29,"minecraft:pufferfish_spawn_egg":44,"minecraft:light_gray_carpet":35,"minecraft:mycelium":83,"minecraft:spruce_planks":394,"minecraft:ender_chest":21,"minecraft:stripped_birch_wood":73,"minecraft:netherrack":81,"minecraft:green_glazed_terracotta":26,"minecraft:oak_door":3,"minecraft:orange_bed":14,"minecraft:orange_stained_glass":30,"minecraft:torch":531,"minecraft:brewing_stand":6,"minecraft:dirt":889,"minecraft:anvil":158,"minecraft:white_carpet":110,"minecraft:hopper":26,"minecraft:chorus_flower":17,"minecraft:nether_quartz_ore":30,"minecraft:prismarine_bricks":584,"minecraft:spruce_stairs":1408,"minecraft:cobblestone_wall":386,"minecraft:nether_brick_slab":91,"minecraft:oak_wood":205,"minecraft:yellow_carpet":7,"minecraft:pink_carpet":3,"minecraft:jungle_trapdoor":363,"minecraft:blue_concrete":105,"minecraft:spruce_fence":2484,"minecraft:dead_brain_coral_block":186,"minecraft:light_blue_stained_glass":50,"minecraft:nether_brick_stairs":465,"minecraft:fern":20,"minecraft:purple_banner":5,"minecraft:birch_door":30,"minecraft:purple_stained_glass_pane":14,"minecraft:music_disc_mellohi":4,"minecraft:stone_brick_slab":3238,"minecraft:dark_oak_planks":570,"minecraft:sea_lantern":1057,"minecraft:chipped_anvil":39,"minecraft:light_gray_stained_glass":128,"minecraft:bookshelf":153,"minecraft:yellow_stained_glass":44,"minecraft:iron_block":440,"minecraft:oak_stairs":119,"minecraft:spruce_button":2,"minecraft:brick_stairs":38,"minecraft:smooth_sandstone":3243,"minecraft:acacia_slab":2313,"minecraft:jungle_log":1374,"minecraft:smooth_quartz":111,"minecraft:prismarine_slab":96,"minecraft:light_gray_wool":368,"minecraft:tripwire_hook":35,"minecraft:purple_concrete":2,"minecraft:glowstone":2363,"minecraft:lime_concrete":28,"minecraft:tall_grass":294,"minecraft:emerald_block":14,"minecraft:magenta_wool":2,"minecraft:gray_glazed_terracotta":196,"minecraft:iron_trapdoor":419,"minecraft:dark_oak_pressure_plate":12,"minecraft:lime_stained_glass":25,"minecraft:salmon_spawn_egg":30,"minecraft:white_stained_glass_pane":724,"minecraft:minecart":1,"minecraft:cyan_banner":12,"minecraft:acacia_wood":199,"minecraft:trapped_chest":4,"minecraft:horn_coral_block":35,"minecraft:stone_pressure_plate":11,"minecraft:dead_bubble_coral_block":3,"minecraft:acacia_planks":330,"minecraft:orange_stained_glass_pane":68,"minecraft:turtle_egg":3,"minecraft:orange_terracotta":2,"minecraft:pumpkin":178,"minecraft:light_gray_bed":11,"minecraft:brown_bed":16,"minecraft:turtle_spawn_egg":14,"minecraft:water_bucket":1640,"minecraft:yellow_banner":56,"minecraft:light_blue_glazed_terracotta":26,"minecraft:cobblestone_stairs":240,"minecraft:pink_glazed_terracotta":29,"minecraft:sandstone_stairs":1131,"minecraft:prismarine_brick_slab":279,"minecraft:birch_planks":285,"minecraft:lead":3,"minecraft:lime_wool":183,"minecraft:red_nether_bricks":248,"minecraft:blue_wool":27,"minecraft:pink_banner":2,"minecraft:birch_boat":13,"minecraft:purple_glazed_terracotta":21,"minecraft:cut_sandstone":900,"minecraft:cauldron":79,"minecraft:red_glazed_terracotta":9,"minecraft:beacon":21,"minecraft:green_bed":3,"minecraft:cobblestone_slab":416,"minecraft:horse_spawn_egg":14,"minecraft:conduit":560,"minecraft:cracked_stone_bricks":329,"minecraft:diamond_block":246,"minecraft:orange_carpet":318,"minecraft:jungle_wood":363,"minecraft:mossy_cobblestone":499,"minecraft:stripped_dark_oak_log":2,"minecraft:vine":229,"minecraft:comparator":2,"minecraft:music_disc_cat":1,"minecraft:dark_prismarine_slab":993,"minecraft:oak_slab":1570,"minecraft:dead_fire_coral_block":2,"minecraft:brown_banner":35,"minecraft:yellow_stained_glass_pane":27,"minecraft:white_bed":3,"minecraft:dark_oak_fence_gate":48,"minecraft:fire_coral":45,"minecraft:brown_glazed_terracotta":15,"minecraft:painting":575,"minecraft:infested_stone_bricks":3,"minecraft:cake":5,"minecraft:spruce_log":773,"minecraft:dark_oak_door":29,"minecraft:cyan_stained_glass":1,"minecraft:bat_spawn_egg":14,"minecraft:oak_log":1358,"minecraft:acacia_stairs":1144,"minecraft:blue_stained_glass_pane":60,"minecraft:gray_terracotta":147,"minecraft:diamond_pickaxe":17,"minecraft:piston":27,"minecraft:dark_prismarine":1716,"minecraft:flower_pot":144,"minecraft:black_wool":12,"minecraft:ghast_spawn_egg":1,"minecraft:command_block":26,"minecraft:pig_spawn_egg":2,"minecraft:oak_button":50,"minecraft:iron_pickaxe":9,"minecraft:stone_slab":296,"minecraft:purpur_slab":35,"minecraft:spruce_trapdoor":150,"minecraft:music_disc_blocks":1,"minecraft:yellow_wool":76,"minecraft:blue_carpet":41,"minecraft:green_carpet":32,"minecraft:pink_bed":3,"minecraft:chiseled_stone_bricks":495,"minecraft:fishing_rod":7,"minecraft:cod_spawn_egg":6,"minecraft:cobblestone":1759,"minecraft:orange_banner":95,"minecraft:purple_bed":3,"minecraft:white_banner":131,"minecraft:jungle_door":18,"minecraft:sandstone_slab":293,"minecraft:red_banner":207,"minecraft:lapis_block":81,"minecraft:glass_pane":333,"minecraft:grass_path":2023,"minecraft:yellow_bed":3,"minecraft:end_portal_frame":7,"minecraft:sea_pickle":204,"minecraft:gray_wool":138,"minecraft:kelp":682,"minecraft:purple_carpet":30,"minecraft:dandelion":1,"minecraft:jukebox":17,"minecraft:smooth_stone":4,"minecraft:splash_potion":1,"minecraft:birch_stairs":641,"minecraft:green_stained_glass":29},"minecraft:dropped":{"minecraft:birch_planks":1,"minecraft:orange_tulip":1,"minecraft:jungle_planks":1,"minecraft:saddle":1,"minecraft:red_carpet":6,"minecraft:flint":4,"minecraft:emerald":8,"minecraft:birch_stairs":2,"minecraft:gravel":1,"minecraft:infested_mossy_stone_bricks":1,"minecraft:quartz_block":1,"minecraft:glowstone":1,"minecraft:iron_ore":1,"minecraft:iron_bars":1,"minecraft:wheat_seeds":76,"minecraft:iron_helmet":1,"minecraft:apple":1,"minecraft:iron_trapdoor":1,"minecraft:diorite":1,"minecraft:bucket":1,"minecraft:lily_pad":13,"minecraft:acacia_planks":1,"minecraft:hay_block":1,"minecraft:diamond_pickaxe":1,"minecraft:fire_coral":1,"minecraft:golden_sword":2,"minecraft:birch_boat":1,"minecraft:bow":1,"minecraft:dark_prismarine":1},"minecraft:mined":{"minecraft:light_gray_bed":20,"minecraft:brown_bed":10,"minecraft:iron_bars":6,"minecraft:green_bed":3,"minecraft:orange_bed":13,"minecraft:black_bed":7,"minecraft:cobblestone_wall":9,"minecraft:gravel":84},"minecraft:custom":{"minecraft:interact_with_crafting_table":6,"minecraft:leave_game":114,"minecraft:time_since_death":107926,"minecraft:sprint_one_cm":3261769,"minecraft:drop":42,"minecraft:deaths":40,"minecraft:jump":20679,"minecraft:interact_with_brewingstand":1,"minecraft:walk_on_water_one_cm":700362,"minecraft:interact_with_furnace":3,"minecraft:play_record":13,"minecraft:play_one_minute":19591851,"minecraft:open_enderchest":1,"minecraft:damage_dealt":2836,"minecraft:interact_with_beacon":2,"minecraft:crouch_one_cm":125110,"minecraft:inspect_dispenser":1,"minecraft:horse_one_cm":4358457,"minecraft:inspect_dropper":3,"minecraft:mob_kills":6,"minecraft:inspect_hopper":11,"minecraft:fill_cauldron":31,"minecraft:climb_one_cm":160928,"minecraft:walk_one_cm":7914100,"minecraft:sneak_time":740275,"minecraft:walk_under_water_one_cm":2643630,"minecraft:boat_one_cm":1388941,"minecraft:tune_noteblock":174,"minecraft:pot_flower":67,"minecraft:time_since_rest":107967,"minecraft:damage_taken":11860,"minecraft:minecart_one_cm":697190,"minecraft:swim_one_cm":227903,"minecraft:fly_one_cm":210339171,"minecraft:open_chest":64,"minecraft:aviate_one_cm":28790716,"minecraft:fall_one_cm":93846},"minecraft:picked_up":{"minecraft:birch_door":2,"minecraft:iron_trapdoor":1,"minecraft:creeper_head":2,"minecraft:lead":2,"minecraft:potion":4,"minecraft:golden_sword":2,"minecraft:music_disc_cat":1,"minecraft:string":1,"minecraft:sticky_piston":1,"minecraft:zombie_head":2,"minecraft:spruce_planks":1,"minecraft:bucket":1,"minecraft:white_tulip":1,"minecraft:redstone_torch":1,"minecraft:written_book":1,"minecraft:iron_pickaxe":1,"minecraft:dark_oak_door":1,"minecraft:stick":4,"minecraft:music_disc_blocks":1,"minecraft:torch":2,"minecraft:porkchop":3,"minecraft:brown_carpet":8,"minecraft:yellow_banner":1,"minecraft:quartz_block":1,"minecraft:cactus":39,"minecraft:light_gray_bed":1,"minecraft:tropical_fish":13,"minecraft:iron_bars":7,"minecraft:lilac":44,"minecraft:barrier":1,"minecraft:feather":6,"minecraft:cooked_beef":28,"minecraft:orange_carpet":37,"minecraft:flint":15,"minecraft:wither_skeleton_skull":3,"minecraft:sign":21,"minecraft:bone":2,"minecraft:acacia_planks":1,"minecraft:bow":12,"minecraft:wheat_seeds":165,"minecraft:orange_tulip":3,"minecraft:music_disc_13":2,"minecraft:jungle_planks":1,"minecraft:spectral_arrow":10,"minecraft:bone_meal":1,"minecraft:golden_horse_armor":1,"minecraft:emerald":19,"minecraft:light_gray_carpet":3,"minecraft:chorus_fruit":1,"minecraft:diamond_pickaxe":2,"minecraft:azure_bluet":69,"minecraft:allium":1,"minecraft:chicken":1,"minecraft:ladder":6,"minecraft:brown_mushroom":7,"minecraft:orange_banner":8,"minecraft:heavy_weighted_pressure_plate":2,"minecraft:acacia_door":2,"minecraft:white_carpet":30,"minecraft:blue_orchid":42,"minecraft:player_head":5,"minecraft:sugar_cane":1,"minecraft:oak_door":1,"minecraft:music_disc_mellohi":2,"minecraft:stone_button":1,"minecraft:trident":1,"minecraft:redstone":5,"minecraft:arrow":1,"minecraft:peony":79,"minecraft:diamond_boots":1,"minecraft:black_banner":3,"minecraft:saddle":13,"minecraft:skeleton_skull":2,"minecraft:oxeye_daisy":2,"minecraft:dark_oak_button":6,"minecraft:tripwire_hook":6,"minecraft:leather":3,"minecraft:music_disc_stal":1,"minecraft:birch_planks":1,"minecraft:lily_pad":25,"minecraft:cobblestone_wall":9,"minecraft:red_carpet":10,"minecraft:gray_carpet":7,"minecraft:light_blue_banner":2,"minecraft:apple":1,"minecraft:music_disc_far":1,"minecraft:music_disc_chirp":1,"minecraft:emerald_block":1,"minecraft:birch_boat":1,"minecraft:dandelion":8,"minecraft:gravel":74,"minecraft:red_banner":3,"minecraft:spruce_log":1,"minecraft:green_carpet":4,"minecraft:music_disc_mall":2,"minecraft:painting":4,"minecraft:oak_button":7,"minecraft:brown_banner":2,"minecraft:coal":1,"minecraft:sunflower":1},"minecraft:killed":{"minecraft:tropical_fish":1,"minecraft:horse":2,"minecraft:wither_skeleton":2}},"DataVersion":1631}